-- phpMyAdmin SQL Dump
-- version 5.0.2
-- https://www.phpmyadmin.net/
--
-- Servidor: 127.0.0.1
-- Tiempo de generación: 21-09-2020 a las 09:10:03
-- Versión del servidor: 10.4.11-MariaDB
-- Versión de PHP: 7.4.6

SET SQL_MODE = "NO_AUTO_VALUE_ON_ZERO";
START TRANSACTION;
SET time_zone = "+00:00";


/*!40101 SET @OLD_CHARACTER_SET_CLIENT=@@CHARACTER_SET_CLIENT */;
/*!40101 SET @OLD_CHARACTER_SET_RESULTS=@@CHARACTER_SET_RESULTS */;
/*!40101 SET @OLD_COLLATION_CONNECTION=@@COLLATION_CONNECTION */;
/*!40101 SET NAMES utf8mb4 */;

--
-- Base de datos: `academiafx`
--

-- --------------------------------------------------------

--
-- Estructura de tabla para la tabla `alumno`
--

CREATE DATABASE IF NOT EXISTS academiafx;

USE academiafx;

CREATE TABLE `alumno` (
  `dni` varchar(9) NOT NULL,
  `nombre_alumno` varchar(50) DEFAULT NULL,
  `apellido` varchar(50) DEFAULT NULL,
  `poblacion` varchar(100) DEFAULT NULL,
  `telefono` varchar(15) DEFAULT NULL,
  `email` varchar(100) DEFAULT NULL,
  `historial` varchar(10000) DEFAULT NULL
) ENGINE=InnoDB DEFAULT CHARSET=utf8;

-- --------------------------------------------------------

--
-- Estructura de tabla para la tabla `alumnos_convocatoria_curso`
--

CREATE TABLE `alumnos_convocatoria_curso` (
  `dni` varchar(9) NOT NULL,
  `nombre_curso` varchar(100) NOT NULL,
  `fecha_inicio` date DEFAULT NULL
) ENGINE=InnoDB DEFAULT CHARSET=utf8;

-- --------------------------------------------------------

--
-- Estructura de tabla para la tabla `alumnos_convocatoria_oposicion`
--

CREATE TABLE `alumnos_convocatoria_oposicion` (
  `dni` varchar(9) NOT NULL,
  `nombre_oposicion` varchar(100) NOT NULL,
  `fecha_inicio` date DEFAULT NULL
) ENGINE=InnoDB DEFAULT CHARSET=utf8;

-- --------------------------------------------------------

--
-- Estructura de tabla para la tabla `convocatoria_curso`
--

CREATE TABLE `convocatoria_curso` (
  `nombre_curso` varchar(100) NOT NULL,
  `dias_semana` varchar(20) DEFAULT NULL,
  `horario` varchar(20) DEFAULT NULL,
  `fecha_inicio` date NOT NULL,
  `fecha_fin` date DEFAULT NULL
) ENGINE=InnoDB DEFAULT CHARSET=utf8;

-- --------------------------------------------------------

--
-- Estructura de tabla para la tabla `convocatoria_oposicion`
--

CREATE TABLE `convocatoria_oposicion` (
  `nombre_oposicion` varchar(100) NOT NULL,
  `dias_semana` varchar(20) DEFAULT NULL,
  `horario` varchar(20) DEFAULT NULL,
  `fecha_inicio` date NOT NULL,
  `fecha_fin` date DEFAULT NULL
) ENGINE=InnoDB DEFAULT CHARSET=utf8;

-- --------------------------------------------------------

--
-- Estructura de tabla para la tabla `curso`
--

CREATE TABLE `curso` (
  `nombre_curso` varchar(100) NOT NULL,
  `familia_profesional_curso` varchar(150) NOT NULL,
  `duracion` int(11) DEFAULT NULL
) ENGINE=InnoDB DEFAULT CHARSET=utf8;

--
-- Volcado de datos para la tabla `curso`
--

INSERT INTO `curso` (`nombre_curso`, `familia_profesional_curso`, `duracion`) VALUES
('TÉCNICO SUPERIOR EN ANIMACIONES 3D, JUEGOS Y ENTORNOS INTERACTIVOS', 'DISEÑO Y PROGRAMACIÓN', 2000);

-- --------------------------------------------------------

--
-- Estructura de tabla para la tabla `curso_realizado`
--

CREATE TABLE `curso_realizado` (
  `dni` varchar(9) NOT NULL,
  `nombre_curso` varchar(100) NOT NULL
) ENGINE=InnoDB DEFAULT CHARSET=utf8;

-- --------------------------------------------------------

--
-- Estructura de tabla para la tabla `empresa`
--

CREATE TABLE `empresa` (
  `nombre` varchar(100) NOT NULL,
  `familia_profesional_empresa` varchar(150) NOT NULL,
  `poblacion` varchar(100) NOT NULL,
  `responsable` varchar(50) NOT NULL,
  `telefono` varchar(15) NOT NULL,
  `email` varchar(100) NOT NULL
) ENGINE=InnoDB DEFAULT CHARSET=utf8;

-- --------------------------------------------------------

--
-- Estructura de tabla para la tabla `familia_profesional_curso`
--

CREATE TABLE `familia_profesional_curso` (
  `familia_profesional_curso` varchar(150) NOT NULL
) ENGINE=InnoDB DEFAULT CHARSET=utf8;

--
-- Volcado de datos para la tabla `familia_profesional_curso`
--

INSERT INTO `familia_profesional_curso` (`familia_profesional_curso`) VALUES
('DISEÑO Y PROGRAMACIÓN');

-- --------------------------------------------------------

--
-- Estructura de tabla para la tabla `familia_profesional_empresa`
--

CREATE TABLE `familia_profesional_empresa` (
  `familia_profesional_empresa` varchar(150) NOT NULL
) ENGINE=InnoDB DEFAULT CHARSET=utf8;

--
-- Volcado de datos para la tabla `familia_profesional_empresa`
--

INSERT INTO `familia_profesional_empresa` (`familia_profesional_empresa`) VALUES
('ABALORIOS'),
('ABALORIOS OCIO'),
('ABALORIOS: ESTABLECIMIENTOS'),
('ABOGADO MERCANTILISTA'),
('ABOGADOS'),
('ABOGADOS ESPECIALISTAS EN DERECHO CIVIL'),
('ABOGADOS ESPECIALISTAS EN DERECHO DE FAMILIA Y MATRIMONIAL'),
('ABOGADOS ESPECIALISTAS EN DERECHO PENAL'),
('ABONOS NATURALES: DISTRIBUCION'),
('ABRASIVOS'),
('ABRASIVOS Y SUPERABRASIVOS (FABRICACION, AL POR MAYOR) SUMINISTROS INDUSTRIALES'),
('ABRAZADERAS: FABRICANTES Y MAYORISTAS'),
('ABREPUERTAS ELECTRICOS'),
('ACADEMIA DE AUTOMOVILISMO'),
('ACADEMIA DE ENSEÑANZA UNIVERSITARIA'),
('ACADEMIA DE IDIOMAS'),
('ACADEMIA DE JUDO'),
('ACADEMIAS DE AERONAUTICA'),
('ACADEMIAS DE BAILE'),
('ACADEMIAS DE CORTE Y CONFECCION'),
('ACADEMIAS DE DANZA'),
('ACADEMIAS DE DECORACION E INTERIORISMO'),
('ACADEMIAS DE DIBUJO Y PINTURA'),
('ACADEMIAS DE DISEÑO GRAFICO'),
('ACADEMIAS DE ENSEÑANZA'),
('ACADEMIAS DE ENSEÑANZA SANITARIA'),
('ACADEMIAS DE ENSEÑANZA: OPOSICIONES'),
('ACADEMIAS DE ENSEÑANZAS DIVERSAS'),
('ACADEMIAS DE ESO, BACHILLERATO Y SELECTIVIDAD'),
('ACADEMIAS DE ESTUDIOS EMPRESARIALES'),
('ACADEMIAS DE ESTUDIOS UNIVERSITARIOS'),
('ACADEMIAS DE EUSKERA'),
('ACADEMIAS DE IDIOMAS'),
('ACADEMIAS DE IMAGEN Y SONIDO'),
('ACADEMIAS DE INFORMATICA'),
('ACADEMIAS DE MAQUILLAJE Y CARACTERIZACION'),
('ACADEMIAS DE MUSICA Y CANTO'),
('ACADEMIAS DE PELUQUERIA Y ESTETICA'),
('ACADEMIAS DE PERSONAL DE SEGURIDAD'),
('ACADEMIAS DE PRIMARIA ESO Y BACHILLERATO'),
('ACCESORIOS PARA AUTOMOVILES'),
('ACCESORIOS PARA TINTORERIAS,  '),
('ACEITES DE OLIVA: MAYORISTAS'),
('ACEITES Y GRASAS INDUSTRIALES: FABRICANTES Y MAYORISTAS'),
('ACERO'),
('ACERO: ALMACENES'),
('ACEROS ESPECIALES'),
('ACEROS INOXIDABLES'),
('ACUARIOS'),
('ACUARIOS Y EQUIPAMIENTO: ESTABLECIMIENTOS'),
('ACUARIOS Y VIVEROS MARINOS, EQUIPOS: VENTA Y MANTENIMIENTO'),
('ACUARIOS: VENTA Y MANTENIMIENTO'),
('ACUCHILLADO Y BARNIZADO DE PISOS'),
('ACUCHILLADOS Y BARNIZADOS'),
('ACUMULADORES ELECTRICOS: FABRICANTES Y MAYORISTAS'),
('ACUPUNTORA'),
('ACUPUNTURA'),
('ADHESIVOS: MAYORISTAS'),
('ADIESTRAMIENTO DE ANIMAL DE COMPAÑIA'),
('ADMINISTRACION DE FINCAS'),
('ADMINISTRACION DE LOTERIAS'),
('ADMINISTRACIONES DE LOTERIAS'),
('ADMINISTRADOR DE FINCAS'),
('ADMINISTRADORES DE FINCAS'),
('ADMINSITRADORES DE FINCAS'),
('AEROGRAFIA'),
('AEROPUERTOS ESPAÑOLES Y NAVEGACION AEREA AENA'),
('AFILADO DE HERRAMIENTAS'),
('AGENCIA CONSIGNACION DE BUQUES'),
('AGENCIA DE ADUANAS'),
('AGENCIA DE PUBLICIDAD'),
('AGENCIA DE RELACIONES PUBLICAS Y COMUNICACION '),
('AGENCIA DE SEGUROS'),
('AGENCIA DE VIAJES'),
('AGENCIA DE VIAJES MAYORISTA Y MINORISTA.'),
('AGENCIA MATRIMONIAL Y DE AMISTAD'),
('AGENCIAS DE ADUANAS'),
('AGENCIAS DE PATENTES Y MARCAS'),
('AGENCIAS DE PUBLICIDAD'),
('AGENCIAS DE TRABAJO TEMPORAL '),
('AGENCIAS DE TRANSPORTE'),
('AGENCIAS DE VIAJES'),
('AGENCIAS DE VIAJES: MAYORISTAS'),
('AGENCIAS INMOBILIARIAS'),
('AGENCIAS MATRIMONIALES'),
('AGENCIAS Y AGENTES COMERCIALES REPRESENTANTES'),
('AGENCIAS Y AGENTES COMERCIALES, REPRESENTANTES'),
('AGENCIAS Y ASESORES DE PUBLICIDAD'),
('AGENCIAS Y REPRESENTANTES COMERCIALES'),
('AGENCIAS Y SOCIEDADES DE VALORES Y BOLSA'),
('AGENTE DE ADUANAS. CONSIGNACIONES, FLETAMENTOS, TRANSPORTES.'),
('AGENTE DE CAMBIO Y BOLSA '),
('AGENTE DE LA PROPIEDAD INMOBILIARIA'),
('AGENTES COMERCIALES'),
('AGENTES COMERCIALES Y REPRESENTACIONES'),
('AGENTES CONCESIONARIOS DE VEHICULOS '),
('AGENTES DE LA PROPIEDAD INDUSTRIAL'),
('AGENTES DE LA PROPIEDAD INMOBILIARIA'),
('AGENTES DE SEGUROS'),
('AGENTES GENERALES DE SEGUROS '),
('AGENTES Y COMISIONISTAS DE ADUANAS'),
('AGUA MINERAL: DISTRIBUCION'),
('AGUA: ABASTECIMIENTOS'),
('AGUA: TRATAMIENTOS'),
('AGUAS: TRATAMIENTOS'),
('AHUMADOS Y SALAZONES: FABRICANTES Y MAYORISTAS'),
('AIRE ACONDICIONADO'),
('AIRE ACONDICIONADO EQUIPOS: FABRICACION'),
('AIRE ACONDICIONADO EQUIPOS: VENTA E INSTALACIONES'),
('AIRE ACONDICIONADO, EQUIPOS: ASISTENCIA TECNICA'),
('AIRE ACONDICIONADO: EQUIPAMIENTO E INSTALACIONES'),
('AIRE ACONDICIONADO: EQUIPOS E INSTALACIONES'),
('AISLAMIENTO ELECTRICO'),
('AISLAMIENTOS'),
('AISLAMIENTOS ACUSTICOS Y TERMICOS'),
('AISLAMIENTOS TERMICOS Y ACUSTICOS'),
('AISLAMIENTOS TERMICOS Y ACUSTICOS: INSTALACION'),
('AISLANTES TERMICOS'),
('AISLANTES TERMICOS Y ACUSTICOS: MATERIALES'),
('AISLANTES TERMICOS Y ELECTRICOS'),
('AISLANTES Y AISLAMIENTOS'),
('AISLANTES Y AISLAMIENTOS ACUSTICOS'),
('AJARDINAMIENTOS'),
('ALAMBRES Y TEJIDOS METALICOS'),
('ALAMBRES: FABRICANTES Y MAYORISTAS'),
('ALARMAS: VENTA E INSTALACION'),
('ALBAÑILERIA'),
('ALBAÑILERIA Y REFORMAS'),
('ALBERGUES'),
('ALFOMBRAS'),
('ALFOMBRAS: ESTABLECIMIENTOS'),
('ALFOMBRAS: FABRICANTES Y MAYORISTAS'),
('ALFOMBRAS: REPARACION'),
('ALIMENTACION'),
('ALIMENTACION DIETETICA'),
('ALIMENTACION PRODUCTOS: FABRICANTES Y MAYORISTAS'),
('ALIMENTACION: DISTRIBUCION'),
('ALIMENTACION: ESTABLECIMIENTOS'),
('ALIMENTOS CONGELADOS'),
('ALIMENTOS CONGELADOS: ESTABLECIMIENTOS'),
('ALIMENTOS ECOLOGICOS: ESTABLECIMIENTOS'),
('ALIMENTOS EN CONSERVA'),
('ALIMENTOS ESPAÑOLES: ESTABLECIMIENTOS'),
('ALIMENTOS PREPARADOS'),
('ALIMENTOS: IMPORTACION'),
('ALMACEN DE METALES NO FERREOS.'),
('ALMACEN DE VINOS'),
('ALMACENAJE, LOGISTICA Y DISTRIBUCION'),
('ALMACENES DE HIERRO'),
('ALMACENES FRIGORIFICOS'),
('ALMONEDAS'),
('ALQUILER CONTENEDORES PARA TRANSPORTE'),
('ALQUILER DE BARCOS, CANOES, KAYAKS Y PLANCHAS DE SURF A VELA'),
('ALQUILER DE CARPAS '),
('ALQUILER DE CARRETILLAS ELEVADORAS'),
('ALQUILER DE EQUIPOS AUDIOVISUALES'),
('ALQUILER DE GRUAS'),
('ALQUILER DE MAQUINARIA'),
('ALQUILER DE VEHICULOS'),
('ALQUILER Y VENTA DE CARRETILLAS ELEVADORAS.'),
('ALQUILER Y VENTA DE MAQUINARIA '),
('ALUMBRADO PUBLICO'),
('ALUMINIO ANODIZADO'),
('ALUMINIO: ALMACENES'),
('ALUMINIOS'),
('AMBULANCIAS'),
('AMORTIGUADORES'),
('ANALISIS CLINICOS'),
('ANCHOAS EN CONSERVA: FABRICACION'),
('ANDAMIAJES'),
('ANDAMIAJES METALICOS'),
('ANDAMIAJES Y ESCALERAS DE MANO (FABRICACION, AL POR MAYOR)'),
('ANDAMIOS: DISTRIBUCION'),
('ANGULAS'),
('ANIMACION POR ORDENADOR'),
('ANIMACIONES MUSICALES DJ\'S'),
('ANIMALES DE COMPAÑIA'),
('ANIMALES DE COMPAÑIA ACCESORIOS: MAYORISTAS'),
('ANIMALES DE COMPAÑIA Y ACCESORIOS: ESTABLECIMIENTOS'),
('ANIMALES DE COMPAÑIA: CRIA Y RESIDENCIAS'),
('ANIMALES DE COMPAÑIA: ESTABLECIMIENTOS'),
('ANIMALES DE COMPAÑIA: SERVICIOS DE TRANSPORTE Y PASEO'),
('ANIMALES DE COMPAÑIA: VENTA Y ACCESORIOS'),
('ANTENAS'),
('ANTENAS DE TELEVISION'),
('ANTENAS: VENTA E INSTALACION'),
('ANTIGUEDADES'),
('ANTIGUEDADES ARTE Y ARTESANIA'),
('APARATOS DE CONTROL'),
('APARATOS DE CONTROL: FABRICANTES Y MINORISTAS'),
('APARATOS E INSTRUMENTOS DE LABORATORIO '),
('APARATOS MATERIAL Y SUMINISTROS PARA LABORATORIOS '),
('APARATOS PARA LA INDUSTRIA ALIMENTARIA'),
('APARATOS Y EQUIPAMIENTOS CIENTIFICOS'),
('APARATOS Y EQUIPOS DENTALES: REPARACION'),
('APAREJADORES Y ARQUITECTOS TECNICOS'),
('APARTAMENTOS TURISTICOS'),
('APARTHOTEL'),
('APICULTURA: MATERIALES Y PRODUCTOS'),
('ARMARIO CLIMATIZADOR PARA VINO  '),
('ARMARIOS'),
('ARMARIOS CLIMATIZADORES PARA VINO Y TABACO: FABRICACION'),
('ARMARIOS MUEBLES'),
('ARMARIOS Y CUADROS ELECTRICOS'),
('ARMARIOS Y CUADROS ELECTRICOS: FABRICACION'),
('ARMARIOS Y MUEBLES'),
('ARMAS Y MUNICIONES (FABRICACION, AL POR MAYOR)'),
('ARMAS Y MUNICIONES: FABRICANTES Y MAYORISTAS'),
('ARMERIA DEPORTES'),
('AROMATERAPIA'),
('ARQUITECTOS'),
('ARQUITECTOS TECNICOS Y APAREJADORES'),
('ARQUITECTURA'),
('ARQUITECTURA DE INTERIORES'),
('ARQUITECTURA E INGENIERIA'),
('ARQUITECTURA E INGENIERIA CIVIL: CONSULTORIAS'),
('ARQUITECTURA PROYECTOS: SERVICIO TECNICO Y APOYO'),
('ARQUITECTURA: ESTUDIOS'),
('ARREGLOS DE ROPA'),
('ARREGLOS DE ROPA Y PIEL'),
('ARTE DRAMATICO: ESCUELAS'),
('ARTE Y ARTESANIA '),
('ARTES GRAFICAS'),
('ARTES GRAFICAS Y DISEÑO GRAFICO'),
('ARTES GRAFICAS: ENCUADERNACION'),
('ARTES GRAFICAS: ENCUADERNACIONES'),
('ARTES GRAFICAS: MAQUINARIA'),
('ARTES GRAFICAS: SUMINISTROS'),
('ARTESANIA'),
('ARTESANIA ARTICULOS: ESTABLECIMIENTOS'),
('ARTICULOS DE BEBE: ESTABLECIMIENTOS'),
('ARTICULOS DE DECORACION PARA EL HOGAR'),
('ARTICULOS DE DECORACION: ESTABLECIMIENTOS'),
('ARTICULOS DE DECORACION: MAYORISTAS'),
('ARTICULOS DE DEPORTE: ESTABLECIMIENTOS '),
('ARTICULOS DE DEPORTES'),
('ARTICULOS DE LIMPIEZA'),
('ARTICULOS DE PIEL '),
('ARTICULOS DE REGALO '),
('ARTICULOS DE REGALO: ESTABLECIMIENTOS'),
('ARTICULOS DEPORTIVOS'),
('ARTICULOS DEPORTIVOS: ESTABLECIMIENTOS'),
('ARTICULOS HIGIENICO-SANITARIOS: FABRICACION'),
('ARTICULOS INDUSTRIALES DE CAUCHO, CAUCHO METAL Y ELASTOMEROS ESPECIALES.'),
('ARTICULOS PARA BEBES'),
('ARTICULOS PARA BEBES: DISTRIBUCION'),
('ARTICULOS PARA BEBES: ESTABLECIMIENTOS'),
('ARTICULOS PARA BEBES: FABRICACION'),
('ARTICULOS PUBLICITARIOS'),
('ASCENSORES'),
('ASCENSORES Y MONTACARGAS'),
('ASCENSORES Y MONTACARGAS: COMPONENTES'),
('ASCENSORES Y MONTACARGAS: INSTALACION Y REPARACION'),
('ASERRADEROS DE MADERA'),
('ASESORIA CONTABLE'),
('ASESORIA DE COMERCIO EXTERIOR'),
('ASESORIA DE EMPRESAS'),
('ASESORIA DE FORMACION Y GESTION DE PERSONAL'),
('ASESORIA EN MARKETING'),
('ASESORIA FISCAL'),
('ASESORIA FISCAL Y CONTABLE '),
('ASESORIA FISCAL Y JURIDICA'),
('ASESORIA FISCAL, JURIDICO, LABORAL, MERCANTIL Y CONTABLE.'),
('ASESORIA JURIDICA'),
('ASESORIA LABORAL'),
('ASESORIA PARA LA ORGANIZACION Y GESTION DEL TRANSPORTE'),
('ASESORIAS CONTABLES'),
('ASESORIAS DE COMERCIO EXTERIOR'),
('ASESORIAS DE DEMPRESAS'),
('ASESORIAS DE EMPRESA '),
('ASESORIAS DE EMPRESAS'),
('ASESORIAS EN MARKETING '),
('ASESORIAS FINANCIERAS'),
('ASESORIAS FISCALES'),
('ASESORIAS JURIDICAS'),
('ASESORIAS LABORALES'),
('ASESORIAS MEDICAS'),
('ASFALTOS'),
('ASILANTES Y RECUBRIMIENTOS TERMICOS'),
('ASISTENCIA A DOMICILIO'),
('ASISTENCIA A DOMICILIO: SERVICIOS PRIVADOS'),
('ASISTENCIA SOCIAL: SERVICIOS PROFESIONALES PRIVADOS'),
('ASOCIACION'),
('ASOCIACION DE DISCAPACITADOS'),
('ASOCIACION DE EMPRESAS'),
('ASOCIACION PROFESIONAL'),
('ASOCIACIONES'),
('ASOCIACIONES AGRARIAS'),
('ASOCIACIONES AGRICOLAS'),
('ASOCIACIONES CULTURALES'),
('ASOCIACIONES DE ARTISTAS'),
('ASOCIACIONES DE AUTOAYUDA'),
('ASOCIACIONES DE AUTOAYUDA A PERSONAS ENFERMAS'),
('ASOCIACIONES DE AUTOAYUDA SIN ANIMO DE LUCRO'),
('ASOCIACIONES DE AYUDA'),
('ASOCIACIONES DE COLECTIVOS DE INMIGRANTES'),
('ASOCIACIONES DE CONSUMIDORES Y USUARIOS'),
('ASOCIACIONES DE DISCAPACITADOS'),
('ASOCIACIONES DE EMPRESARIOS DE HOSTELERIA Y TURISMO'),
('ASOCIACIONES DE EMPRESAS RELACIONADAS CON LA CONSTRUCCION'),
('ASOCIACIONES DE HOMOSEXUALES Y LESBIANAS'),
('ASOCIACIONES DE MUJERES'),
('ASOCIACIONES DE MUSICA'),
('ASOCIACIONES DEPORTIVAS'),
('ASOCIACIONES DIVERSAS'),
('ASOCIACIONES EMPRESARIALES'),
('ASOCIACIONES EMPRESARIALES DE COMERCIO DETALLISTA'),
('ASOCIACIONES EMPRESARIALES DE LOGISTICA'),
('ASOCIACIONES EMPRESARIALES DE TRANSPORTE: MERCANCIAS Y VIAJEROS'),
('ASOCIACIONES EMPRESARIALES DEL SECTOR ENSEÑANZA'),
('ASOCIACIONES PROFESIONALES'),
('ASOCIACIONES PROFESIONALES DE ESPECTACULOS Y OCIO'),
('ASOCIACIONES SINDICALES'),
('ASOCIACIONES SOCIOCULTURALES'),
('ASOCIACIONES Y CLUBS DEPORTIVOS'),
('ASOCIACIONES Y FEDERACIONES DEPORTIVAS'),
('ASPIRADORES INDUSTRIALES'),
('ASTILLEROS'),
('ATENCION TEMPRANA: CENTROS PRIVADOS'),
('ATS Y DIPLOMADOS EN ENFERMERIA'),
('AUDIFONOS'),
('AUDIFONOS Y ACCESORIOS'),
('AUDIFONOS Y PROTESIS AUDITIVAS'),
('AUDIOVISUALES'),
('AUDIOVISUALES EQUIPOS'),
('AUDIOVISUALES EQUIPOS: VENTA Y ALQUILER'),
('AUDIOVISUALES TV HI-FI VIDEO SONIDO FOTO'),
('AUDITORIA DE CUENTAS '),
('AUDITORIAS DE CUENTAS'),
('AUTOBUSES DE LINEA'),
('AUTOBUSES: ALQUILER'),
('AUTOBUSES: EXPLOTACION Y SERVICIOS '),
('AUTOCARES'),
('AUTOCARES: SERVICIOS Y ALQUILER'),
('AUTOESCUELAS'),
('AUTOMATISMOS'),
('AUTOMATISMOS INDUSTRIALES'),
('AUTOMATIZACION'),
('AUTOMATIZACION INDUSTRIAL'),
('AUTOMATIZACION INDUSTRIAL: EQUIPOS E INSTALACIONES'),
('AUTOMOCION'),
('AUTOMOCION COMPONENTES: DISTRIBUCION'),
('AUTOMOCION: CONSULTORIAS'),
('AUTOMOVILES'),
('AUTOMOVILES RECAMBIOS Y ACCESORIOS'),
('AUTOMOVILES RECAMBIOS Y ACCESORIOS: ESTABLECIMIENTOS'),
('AUTOMOVILES RECAMBIOS Y ACCESORIOS: FABRICANTES Y MAYORISTAS'),
('AUTOMOVILES RECAMBIOS: MAYORISTAS'),
('AUTOMOVILES Y FURGONETAS: ALQUILER'),
('AUTOMOVILES, RECAMBIOS Y ACCESORIOS: ESTABLECIMIENTOS'),
('AUTOMOVILES: ALQUILER'),
('AUTOMOVILES: CONCESIONARIOS'),
('AUTOMOVILES: CONCESIONARIOS Y AGENCIAS'),
('AUTOMOVILES: IMPORTACION'),
('AUTOMOVILES: NUEVOS Y OCASION'),
('AUTOMOVILES: TAPICERIAS'),
('AUTOPISTAS: EMPRESAS CONCESIONARIAS'),
('AUTORADIOS'),
('AUTORIDADES PORTUARIAS'),
('AUTORRADIO: VENTA E INSTALACION '),
('AUTORRADIOS: VENTA E INSTALACION'),
('AYUNTAMIENTOS'),
('AYUNTAMIENTOS: CENTROS CIVICOS'),
('AYUNTAMIENTOS: INFORMACION Y SERVICIOS'),
('AZAFATAS DE FERIAS Y CONGRESOS: AGENCIAS'),
('AZULEJOS Y BALDOSAS'),
('AZULEJOS Y BALDOSAS: ESTABLECIMIENTOS'),
('BACALAO'),
('BACALAO SALADO'),
('BACALAO: ESTABLECIMIENTOS'),
('BALANZAS'),
('BALLESTAS: FABRICACION'),
('BALSAS NEUMATICAS: VENTA Y REPARACION'),
('BANCOS'),
('BANDERAS Y BANDERINES'),
('BANDERAS Y MASTILES'),
('BAÑERAS Y OTROS SANITARIOS: REPARACION'),
('BAÑO: MOBILIARIO Y DECORACION'),
('BAR'),
('BAR RESTAURANTE'),
('BARANDILLAS DE ESCALERA'),
('BARCOS DE PESCA DEPORTIVA: ALQUILER'),
('BARCOS DE RECREO: ALQUILER'),
('BARCOS DE RECREO: COMPRA-VENTA'),
('BARCOS DE VELA: ALQUILER'),
('BARES'),
('BARES DE COPAS'),
('BARES DE TAPAS'),
('BARNIZADORES'),
('BARNIZADOS Y LACADOS'),
('BARQUILLOS '),
('BASCULAS'),
('BASCULAS INDUSTRIALES'),
('BATERIAS DE VEHICULOS'),
('BAZARES'),
('BAZARES TIENDAS'),
('BEBES: ARTICULOS Y REGALOS DE NACIMIENTO'),
('BEBIDAS ALCOHOLICAS: DISTRIBUCION'),
('BEBIDAS SIN ALCOHOL: FABRICANTES Y DISTRIBUIDORES'),
('BEBIDAS: ALMACENES'),
('BEBIDAS: ALMACENES Y DISTRIBUCION'),
('BEBIDAS: DISTRIBUCION'),
('BELLAS ARTES: ESTABLECIMIENTOS'),
('BIBLIOTECAS MUNICIPALES'),
('BICICLETAS: ALQUILER'),
('BICICLETAS: ESTABLECIMIENTOS'),
('BICICLETAS: FABRICACION'),
('BICICLETAS: VENTA Y ALQUILER'),
('BICICLETAS: VENTA Y REPARACION'),
('BIENESTAR Y BELLEZA: CENTROS'),
('BIOLOGOS'),
('BIOTECNOLOGIA: INVESTIGACION Y DESARROLLO'),
('BISUTERIA'),
('BISUTERIA: ESTABLECIMIENTOS'),
('BISUTERIA: FABRICANTES Y MAYORISTAS'),
('BISUTERIA: MAYORISTAS'),
('BODAS: ORGANIZACION'),
('BODEGAS DE VINOS RIOJA'),
('BODEGAS VINICOLAS'),
('BODEGAS: PRODUCCION DE VINOS Y LICORES'),
('BODEGAS: VENTA DE VINO A GRANEL'),
('BODEGAS: VENTA DE VINOS Y LICORES'),
('BOLAS METALICAS: FABRICANTES'),
('BOLERAS DEPORTES'),
('BOLERAS OCIO'),
('BOLSAS DE PAPEL '),
('BOLSAS DE PAPEL: FABRICANTES Y MAYORISTAS'),
('BOLSAS DE PLASTICO: FABRICANTES Y MAYORISTAS'),
('BOLSAS DE PLASTICO: MAYORISTAS'),
('BOLSOS Y COMPLEMENTOS: ESTABLECIMIENTOS'),
('BOLSOS: ESTABLECIMIENTOS'),
('BOMBAS'),
('BOMBAS DE PISTONES'),
('BOMBAS PARA AGUA '),
('BOMBAS: FABRICACION'),
('BOMBAS: FABRICANTES Y MAYORISTAS'),
('BOMBAS: REPARACION'),
('BOMBAS: VENTA Y ALQUILER'),
('BOMBONERIAS'),
('BORDADOS TEXTILES'),
('BOSQUES: EXPLOTACION'),
('BOUTIQUES DE CABALLERO'),
('BOUTIQUES DE ROPA DE SEGUNDA MANO'),
('BOUTIQUES DE ROPA JUVENIL'),
('BOUTIQUES DE SEÑORA'),
('BOUTIQUES DE SEÑORA Y CABALLERO'),
('BOUTIQUES INFANTILES'),
('BRICOLAJE, HERRAMIENTAS (AL POR MENOR)'),
('BRICOLAJE: ESTABLECIMIENTOS'),
('BRONCEADO: CENTROS'),
('BUQUES REMOLCADORES'),
('BUQUES: ARMADORES'),
('BUQUES: CONSIGNATARIOS'),
('BUZONEO'),
('BUZONEO Y REPARTO DE CORRESPONDENCIA'),
('BUZONEO Y REPARTO DE CORRESPONDENCIA: AGENCIAS'),
('CABLES Y CONDUCTORES ELECTRICOS'),
('CABLES Y CONDUCTORES ELECTRICOS: FABRICANTES Y MAYORISTAS'),
('CADENAS DE TRANSMISION Y TRANSPORTE: FABRICANTES Y MAYORISTAS'),
('CADENAS: FABRICANTES Y MAYORISTAS'),
('CAFE BAR '),
('CAFES (PRODUCTO)'),
('CAFES CONCIERTO'),
('CAFES TEATRO'),
('CAFES-BARES'),
('CAFES: TOSTADEROS'),
('CAFETERAS'),
('CAFETERIAS'),
('CAJAS DE AHORRO'),
('CAJAS FUERTES'),
('CAJAS FUERTES: ESTABLECIMIENTOS'),
('CAJAS FUERTES: FABRICANTES Y MAYORISTAS'),
('CAJAS REGISTRADORAS: VENTA Y REPARACION'),
('CAJAS Y EMBALAJES DE MADERA'),
('CALDERAS'),
('CALDERAS DE GAS: INSTALACION Y MANTENIMIENTO'),
('CALDERAS: FABRICACION'),
('CALDERAS: FABRICANTES Y MAYORISTAS'),
('CALDERAS: LIMPIEZA Y REPARACION'),
('CALDERERIA DE ACERO INOXIDABLE'),
('CALDERERIA DE METAL'),
('CALDERERIA GRUESA MECANIZACION DE GRANDES PIEZAS '),
('CALDERERIA SUMINISTROS INDUSTRIALES'),
('CALDERERIA Y FONDOS PARA DEPOSITOS.'),
('CALDERERIAS'),
('CALEFACCION: INSTALACION'),
('CALEFACCION: INSTALACION Y MANTENIMIENTO'),
('CALEFACCION: MATERIALES'),
('CALIDAD: GESTION'),
('CALZADO DE SEÑORA Y CABALLERO: ESTABLECIMIENTOS'),
('CALZADO INFANTIL: ESTABLECIMIENTOS'),
('CALZADO: ESTABLECIMIENTOS'),
('CALZADO: REPARACION Y LIMPIEZA'),
('CALZADOS ORTOPEDICOS'),
('CALZADOS: ESTABLECIMIENTOS'),
('CALZADOS: FABRICANTES Y MAYORISTAS'),
('CALZADOS: MAYORISTAS'),
('CALZADOS: REPARACION Y LIMPIEZA'),
('CAMARAS DE COMERCIO INDUSTRIA Y NAVEGACION'),
('CAMIONES: CONCESIONARIOS'),
('CAMISERIAS'),
('CAMISETAS: FABRICACION'),
('CAMPING'),
('CANALONES'),
('CANALONES PLASTICOS: FABRICACION'),
('CANALONES Y DESAGUES'),
('CANNABIS DERIVADOS Y ACCESORIOS (GROWSHOP): ESTABLECIMIENTOS'),
('CANTANTES'),
('CANTERAS'),
('CANTERIAS'),
('CAPITAL DE RIESGO: ENTIDADES'),
('CARAVANAS Y AUTOCARAVANAS: ALQUILER'),
('CARAVANAS Y AUTOCARAVANAS: VENTA Y SERVICIOS'),
('CARBONES Y LEÑAS'),
('CARGA Y DESCARGA'),
('CARNE FRESCA'),
('CARNE: MAYORISTAS'),
('CARNICAS'),
('CARNICERIAS'),
('CARPAS Y ESTRUCTURAS DESMONTABLES'),
('CARPAS Y TOLDOS'),
('CARPAS: ALQUILER'),
('CARPAS: FABRICACION E INSTALACION'),
('CARPETAS, MECANISMOS Y ACCESORIOS'),
('CARPINTERIA'),
('CARPINTERIA DE ALUMINIO'),
('CARPINTERIA DE MADERA'),
('CARPINTERIA DE PVC'),
('CARPINTERIA METALICA'),
('CARPINTERIA METALICA Y CERRAJERIA'),
('CARPINTERIA Y EBANISTERIA'),
('CARPINTERIA, ACCESORIOS: MAYORISTAS'),
('CARPINTERIAS'),
('CARPINTERIAS DE ALUMINIO'),
('CARPINTERIAS DE ALUMINIO Y PVC'),
('CARPINTERIAS DE MADERA'),
('CARPINTERIAS METALICAS'),
('CARPINTERIAS METALICAS Y CERRAJERIAS'),
('CARRETERAS, AUTOPISTAS: CONSTRUCCION Y MANTENIMIENTO'),
('CARRETILLAS ELEVADORAS'),
('CARRETILLAS ELEVADORAS: FABRICANTES Y MAYORISTAS'),
('CARRETILLAS ELEVADORAS: VENTA Y ALQUILER'),
('CARROCERIAS'),
('CARROCERIAS PARA VEHICULOS INDUSTRIALES: FABRICACION'),
('CARTOGRAFIA '),
('CARTON: FABRICANTES Y MAYORISTAS'),
('CARTONAJES'),
('CASA RURAL'),
('CASAS DE MADERA'),
('CASAS RURALES'),
('CASTILLOS HINCHABLES: ALQUILER'),
('CATERING'),
('CAUCHO Y GOMA ARTICULOS: FABRICANTES Y MAYORISTAS'),
('CENSORES JURADOS DE CUENTAS'),
('CENTRO DE ESTETICA'),
('CENTRO DE ESTETICA Y BELLEZA'),
('CENTRO DE EXPOSICIONES'),
('CENTRO MEDICO DE GINECOLOGIA Y OBSTETRICIA'),
('CENTRO PARA EL DESARROLLO ENERGETICO Y MINERO.'),
('CENTROS ASISTENCIALES DE DIA'),
('CENTROS COMERCIALES'),
('CENTROS COMERCIALES: OFICINAS DE GESTION DE TIENDAS'),
('CENTROS CULTURALES'),
('CENTROS DE BELLEZA'),
('CENTROS DE BRONCEADO'),
('CENTROS DE CORRECCION AUDITIVA'),
('CENTROS DE DOCUMENTACION'),
('CENTROS DE EDUCACION INFANTIL Y PRIMARIA'),
('CENTROS DE ENSEÑANZA'),
('CENTROS DE ESTETICA'),
('CENTROS DE ESTETICA Y BELLEZA'),
('CENTROS DE ESTETICA Y DEPILACION'),
('CENTROS DE EXPOSICIONES'),
('CENTROS DE FORMACION'),
('CENTROS DE NEGOCIO'),
('CENTROS DE NEGOCIOS'),
('CENTROS DE OCIO'),
('CENTROS DE OCIO INTERACTIVOS'),
('CENTROS DE ORIENTACION PEDAGOGICA'),
('CENTROS DE RECONOCIMIENTO MEDICO'),
('CENTROS DE SALUD'),
('CENTROS DE TERAPIAS NATURALES'),
('CENTROS DIETETICOS'),
('CENTROS EMPRESARIALES'),
('CENTROS MEDICOS'),
('CENTROS PRIVADOS DE EDUCACION INFANTIL'),
('CENTROS PRIVADOS DE FORMACION PROFESIONAL'),
('CENTROS PRIVADOS DE REHABILITACION Y ASISTENCIA A DROGADICTOS'),
('CENTROS PUBLICOS DE EDUCACION INFANTIL'),
('CENTROS PUBLICOS DE EDUCACION INFANTIL Y PRIMARIA'),
('CENTROS Y SERVICIOS SANITARIOS: EMPRESAS DE GESTION'),
('CEPILLOS INDUSTRIALES: FABRICANTES Y MAYORISTAS'),
('CERAMICA SANITARIA'),
('CERCADOS Y CERRAMIENTOS'),
('CERRAJERIAS'),
('CERRAJEROS'),
('CERRAMIENTOS Y CERCADOS'),
('CERTIFICACION ENERGETICA DE EDIFICIOS: EMPRESAS'),
('CERTIFICADOS MEDICOS'),
('CERVECERIAS'),
('CESTAS DE FRUTAS PARA REGALO'),
('CESTERIAS: FABRICACION'),
('CHAMPIÑONES Y SETAS: PRODUCTORES Y MAYORISTAS'),
('CHAPAS DE METAL'),
('CHARCUTERIAS Y SALCHICHERIAS'),
('CHARCUTERIAS Y SALCHICHERIAS (AL POR MAYOR)'),
('CHATARRA '),
('CHATARRAS'),
('CHATARRAS Y ESCORIAS'),
('CHATARRAS Y METALES'),
('CHATARRERIAS'),
('CHIMENEAS Y BARBACOAS: ESTABLECIMIENTOS'),
('CHIMENEAS Y BARBACOAS: FABRICANTES Y MAYORISTAS'),
('CHIMENEAS: ESTABLECIMIENTOS'),
('CHOCOLATERIAS'),
('CHOFERES'),
('CIBERSALAS'),
('CIBERTECAS'),
('CIENCIAS OCULTAS'),
('CIERRES Y PUERTAS METALICAS'),
('CIMENTACIONES'),
('CINE EQUIPOS Y MATERIALES: VENTA Y ALQUILER'),
('CINE Y TV: ESTUDIOS Y PLATOS'),
('CINE Y VIDEO: DISTRIBUCION'),
('CINE Y VIDEO: ESCUELAS'),
('CINE: PRODUCTORAS'),
('CINES'),
('CINES: SALAS'),
('CINTAS ADHESIVAS: FABRICANTES Y MAYORISTAS'),
('CINTAS TEXTILES Y DECORATIVAS DE MODA '),
('CINTAS TRANSPORTADORAS: FABRICACION'),
('CLIMATIZACION. AIRE ACONDICIONADO'),
('CLIMATIZACION: EQUIPOS E INSTALACIONES '),
('CLINICA DENTAL'),
('CLINICAS DE ESTETICA'),
('CLINICAS DE FERTILIDAD Y REPRODUCCION ASISTIDA'),
('CLINICAS DE MEDICINA ESTETICA'),
('CLINICAS DENTALES'),
('CLINICAS MEDICAS'),
('CLINICAS MEDICAS DE OFTALMOLOGIA'),
('CLINICAS MEDICAS DE PODOLOGIA'),
('CLINICAS MEDICAS DE PSIQUIATRIA'),
('CLINICAS OFTALMOLOGICAS'),
('CLINICAS PODOLOGIA'),
('CLINICAS PODOLOGICAS'),
('CLINICAS VETERINARIAS'),
('CLUB DEPORTIVO'),
('CLUBES DE ARTES MARCIALES'),
('CLUBES DE CICLISMO'),
('CLUBES DE GOLF'),
('CLUBES DE HIPICA'),
('CLUBES DE MONTAÑISMO'),
('CLUBES DE RUGBY'),
('CLUBES DE TIRO CON ARCO'),
('CLUBES DE VELA'),
('CLUBES DEPORTIVOS'),
('CLUBES Y LOCALES DE JAZZ'),
('CLUBES, ASOCIACIONES DE OCIO'),
('CLUBS DEPORTIVOS '),
('COBRO DE IMPAGADOS'),
('COCHES Y SILLAS PARA BEBES'),
('CODIFICACION EQUIPOS Y SISTEMAS: DISTRIBUCION'),
('COFRADIAS DE PESCADORES '),
('COGENERACION, CONSULTORIA Y SERVICIOS MEDIOAMBIENTALES'),
('COLAS ADHESIVAS'),
('COLCHONERIAS'),
('COLCHONES Y SOMIERES'),
('COLCHONES: MAYORISTAS'),
('COLECCIONISMO'),
('COLECTORES ELECTRICOS'),
('COLEGIO DE ENSEÑANZA'),
('COLEGIO EDUCACION INFANTIL '),
('COLEGIO OFICIAL PROFESIONAL'),
('COLEGIO OFICIAL PROFESIONAL DE ABOGADOS'),
('COLEGIO OFICIAL PROFESIONAL DE PROCURADORES'),
('COLEGIOS DE EDUCACION INFANTIL Y PRIMARIA'),
('COLEGIOS DE ENSEÑANZA '),
('COLEGIOS DE ENSEÑANZA INFANTIL Y PRIMARIA'),
('COLEGIOS MAYORES UNIVERSITARIOS'),
('COLEGIOS OFICIALES PROFESIONALES'),
('COLEGIOS PRIVADOS'),
('COLEGIOS PRIVADOS DE EDUCACION'),
('COLEGIOS PRIVADOS DE ENSEÑANZA'),
('COLEGIOS PRIVADOS Y CONCERTADOS'),
('COLEGIOS PRIVADOS Y CONCERTADOS DE EDUCACION'),
('COLEGIOS PROFESIONALES OFICIALES'),
('COLEGIOS PROFESIONALES OFICIALES DE REGISTRADORES'),
('COLEGIOS PUBLICOS DE EDUCACION INFANTIL Y PRIMARIA'),
('COMERCIALIZACION'),
('COMERCIALIZACION DE ALIMENTOS'),
('COMERCIALIZACION DE ARTICULOS DE JOYER?A Y BISUTERIA'),
('COMERCIALIZACION DE MAQUINARIA Y MATERIAL ELECTRICO '),
('COMERCIALIZACION DE MAQUINARIA Y OTROS PRODUCTOS.'),
('COMERCIALIZACION DE MAQUINAS DE ELECTROEROSION.'),
('COMERCIALIZACION DE MATERIALES PLASTICOS, METACRILATO Y POLICARBONATO.'),
('COMERCIALIZACION DE PAPELES PARA EMBALAJE'),
('COMERCIALIZACION DE PAPELES PARA EMBALAJE.'),
('COMERCIALIZACION DE PRODUCTOS INFORMATICOS'),
('COMERCIO  POR CORRESPONDENCIA'),
('COMERCIO AL MAYOR DE CABLES ELECTRICOS Y REDES LOCALES'),
('COMERCIO AL POR MAYOR DE APARATOS ELECTRONICOS'),
('COMERCIO AL POR MAYOR DE COMBUSTIBLES SOLIDOS, LIQUIDOS Y GASEOSOS'),
('COMERCIO AL POR MAYOR DE FRUTAS, PATATAS Y VERDURAS '),
('COMERCIO AL POR MAYOR DE MATERIALES BASICOS DE CONSTRUCCION'),
('COMERCIO AL POR MAYOR DE OTRA MAQUINARIA PARA LA INDUSTRIA, EL COMERCIO Y LA NAVEGACION'),
('COMERCIO AL POR MAYOR DE PRENDAS DE VESTIR Y CALZADO'),
('COMERCIO DE CHATARRA DE ACERO INOXIDABLE.'),
('COMERCIO JUSTO ARTICULOS: ESTABLECIMIENTOS'),
('COMIDAS PARA EMPRESAS'),
('COMIDAS PREPARADAS'),
('COMIDAS PREPARADAS Y POR ENCARGO'),
('COMIDAS Y BEBIDAS A DOMICILIO'),
('COMISARIOS DE AVERIAS EN BUQUES'),
('COMPAÑIAS PESQUERAS'),
('COMPLEMENTOS DEL VESTIR: ESTABLECIMIENTOS'),
('COMPLEMENTOS PARA NOVIA: ESTABLECIMIENTOS'),
('COMPONENTES DE AUTOMOCION: FABRICACION'),
('COMPONENTES ELECTROMECANICOS: DISTRIBUCION'),
('COMPONENTES ELECTRONICOS: ESTABLECIMIENTOS'),
('COMPONENTES ELECTRONICOS: FABRICACION'),
('COMPONENTES ELECTRONICOS: FABRICANTES Y MAYORISTAS'),
('COMPONENTES ELECTRONICOS: MAYORISTAS'),
('COMPONENTES NEUMATICOS E HIDRAULICOS: FABRICANTES Y MAYORISTAS'),
('COMPRA VENTA DE ORO'),
('COMPRA VENTA Y CAMBIO DE PRODUCTOS'),
('COMPRAVENTA DE ORO Y JOYAS'),
('COMPRESORES'),
('COMPRESORES DE AIRE COMPRIMIDO '),
('COMPRESORES: FABRICANTES Y MAYORISTAS'),
('COMPRESORES: VENTA Y ALQUILER'),
('COMUNICACION E IMAGEN '),
('COMUNICACION Y MARKETING ESTRATEGICO.'),
('COMUNICACIONES'),
('COMUNICACIONES AUDIOVISUALES'),
('CONCESIONARIO DE AUTOMOVILES'),
('CONCESIONARIOS DE AUTOMOVILES'),
('CONDENSADORES ELECTRICOS'),
('CONDUCTOS METALICOS DE VENTILACION: FABRICACION'),
('CONFECCION DE ESTORES'),
('CONFECCION DE PARAGUAS, DE SOMBRILLAS Y DE BASTONES'),
('CONFECCION DE ROPA DE TRABAJO'),
('CONFECCION DE SEÑORA'),
('CONFECCION DIVERSA'),
('CONFECCION PARA EL HOGAR'),
('CONFECCION Y VENTA  DE PRENDAS DE VESTIR DE SEÑORA.'),
('CONFECCION: TALLERES DE COSTURA'),
('CONFECCIONES TEXTILES'),
('CONFEDERACION DE EMPRESAS'),
('CONFORMACION DE METALES'),
('CONGELADOS ALIMENTOS'),
('CONSERJES Y PORTEROS'),
('CONSERJES Y PORTEROS: AGENCIAS'),
('CONSERVAS'),
('CONSERVAS DE PESCADO'),
('CONSERVAS DE PESCADO: FABRICANTES Y MAYORISTAS'),
('CONSERVAS VEGETALES: FABRICANTES Y MAYORISTAS'),
('CONSERVATORIOS DE MUSICA'),
('CONSIGNATARIOS'),
('CONSIGNATARIOS DE BUQUES'),
('CONSTRUCCION GESTION Y MANTENIMIENTO DE INFRAESTRUCTURAS FERROVIARIAS '),
('CONSTRUCCION Y MONTAJE DE PIEZAS METALICAS '),
('CONSTRUCCION Y PROMOCION: CONTROL DE OBRAS Y PROYECTOS'),
('CONSTRUCCION: EMPRESAS'),
('CONSTRUCCION: MAQUINAS Y EQUIPOS'),
('CONSTRUCCIONES'),
('CONSTRUCCIONES HIDRAULICAS'),
('CONSTRUCCIONES MECANICAS'),
('CONSTRUCCIONES METALICAS'),
('CONSTRUCCIONES MOVILES: VENTA Y ALQUILER'),
('CONSTRUCCIONES NAVALES'),
('CONSTRUCCIONES NAVALES Y FLUVIALES'),
('CONSTRUCCIONES PREFABRICADAS'),
('CONSTRUCCIONES SUBMARINAS'),
('CONSTRUCCIONES Y REFORMAS'),
('CONSTRUCTORAS'),
('CONSULADOS'),
('CONSULTORES EMPRESARIALES'),
('CONSULTORIA DE EMPRESAS'),
('CONSULTORIA INDUSTRIAL'),
('CONSULTORIA INFORMATICA'),
('CONSULTORIA RECURSOS HUMANOS'),
('CONSULTORIA URBANISTICA'),
('CONSULTORIA, ANALISIS, PROGRAMACION E IMPLANTACION DE SISTEMAS INFORMATICOS.'),
('CONSULTORIA, SOLUCIONES DE COMUNICACIONES.'),
('CONSULTORIAS'),
('CONSULTORIAS DE EMPRESAS'),
('CONSULTORIAS DEPORTIVAS'),
('CONSULTORIAS FINANCIERAS'),
('CONSULTORIAS INTERNACIONALES'),
('CONTADORES DE AGUA: FABRICACION E INSTALACION'),
('CONTENEDORES'),
('CONTENEDORES: ALQUILER'),
('CONTENEDORES: FABRICACION'),
('CONTENEDORES: REPARACION'),
('CONTRA ESPIONAJE Y DEFENSA EQUIPOS: ESTABLECIMIENTOS'),
('CONTRATISTAS DE OBRAS'),
('CONTROL DE CALIDAD'),
('CONTROL DE PLAGAS'),
('CONTROL DE PLAGAS Y DESINFECCION'),
('COOPERATIVA DE CONSUMO.'),
('COOPERATIVAS AGRICOLAS'),
('COOPERATIVAS AGROPECUARIAS'),
('COPISTERIAS'),
('CORREDOR DE SEGUROS'),
('CORREDORES DE COMERCIO'),
('CORREDURIAS DE SEGUROS'),
('CORTE INDUSTRIAL'),
('CORTINAS'),
('CORTINAS DECORACION HOGAR'),
('CORTINAS DECORACION: CONFECCION E INSTALACION'),
('CORTINAS DECORACION: FABRICACION E INSTALACION'),
('CORTINAS: CONFECCION E INSTALACION'),
('CORTINAS: FABRICACION E INSTALACION'),
('COSMETICA'),
('COSMETICA: ESTABLECIMIENTOS'),
('COSMETICA: FABRICANTES Y MAYORISTAS'),
('COSMETICOS: ESTABLECIMIENTOS'),
('COSMETICOS: FABRICACION'),
('CREDITOS Y FINANCIACION'),
('CRIADEROS CANINOS'),
('CRISTALERIAS'),
('CRISTALERIAS PARA VEHICULOS'),
('CROMADOS'),
('CROMADOS Y NIQUELADOS'),
('CUADROS Y MARCOS'),
('CUBIERTAS PARA EDIFICIOS Y TEJADOS'),
('CUBIERTAS PARA TEJADOS'),
('CUBIERTAS Y TEJADOS'),
('CUCHILLERIA: FABRICACION'),
('CURVADO DE METALES'),
('DANZA Y BAILE: ESCUELAS'),
('DANZA: COMPAÑIAS'),
('DANZA: ESCUELAS'),
('DECOLETAJE DE PIEZAS METALICAS'),
('DECORACION'),
('DECORACION ARTICULOS: ESTABLECIMIENTOS'),
('DECORACION TEXTIL'),
('DECORACION Y DISEÑO'),
('DECORACION Y MOBILIARIO'),
('DECORACION Y MONTAJE DE STANDS'),
('DECORACION, ARTICULOS: ESTABLECIMIENTOS'),
('DECORACION: INSTALACIONES Y OBRAS'),
('DECORACION: PROYECTOS'),
('DECORACIONES'),
('DECORACIONES METALICAS'),
('DECORACIONES Y REFORMAS'),
('DECORADORES Y DISEÑADORES DE INTERIORES'),
('DELICATESSEN: ESTABLECIMIENTOS'),
('DELINEACION'),
('DELINEANTES'),
('DELINEANTES Y DISEÑADORES TECNICOS'),
('DENTISTAS: ODONTOLOGOS Y ESTOMATOLOGOS'),
('DEPILACION'),
('DEPORTES AEREOS: ESCUELAS Y EQUIPAMIENTO'),
('DEPORTES ARTICULOS: OFICINAS DE GESTION DE TIENDAS'),
('DEPORTES DE AVENTURA'),
('DEPORTES DE AVENTURA ROPA Y EQUIPAMIENTO: ESTABLECIMIENTOS'),
('DEPORTES NAUTICOS, ACUATICOS Y SUBACUATICOS: ARTICULOS Y EQUIPOS'),
('DEPORTES NAUTICOS: ESCUELAS'),
('DEPORTES, ARTICULOS: ESTABLECIMIENTOS'),
('DEPORTES: ASESORIAS'),
('DEPORTES: ASESORIAS Y SERVICIOS'),
('DEPORTES: ESTABLECIMIENTOS'),
('DEPORTES: INSTALACIONES'),
('DEPORTES: MONITORES Y ENTRENADORES'),
('DEPOSITOS DENTALES'),
('DEPURACION DE AGUAS RESIDUALES'),
('DERRIBOS'),
('DESARROLLO Y CRECIMIENTO PERSONAL: CURSOS'),
('DESATASCOS FONTANERIA'),
('DESATASCOS Y POCERIA'),
('DESBROCE DE CARRETERAS'),
('DESGUACES DE VEHICULOS Y MAQUINARIA'),
('DESGUACES Y CHATARRAS'),
('DESHUMIDIFICACION: EQUIPOS Y MATERIALES'),
('DESINFECCION, DESINSECTACION Y DESRATIZACION'),
('DESINFECCION, DESRATIZACION Y DESINSECTACION'),
('DESINFECCIONES Y CONTROL DE PLAGAS'),
('DESTRUCCION DE DOCUMENTOS Y ARCHIVOS: GESTION'),
('DETALLES REGALO BODAS'),
('DETECTIVES PRIVADOS'),
('DETERGENTES Y JABONES: FABRICANTES Y MAYORISTAS'),
('DIBUJANTES'),
('DIETETICA Y NUTRICION'),
('DIRECCION GENERAL VIVIENDA ARQUITECTURA Y URBANISMO: ORGANISMOS'),
('DISCOS DE MUSICA: ESTABLECIMIENTOS'),
('DISCOS DE MUSICA: MAYORISTAS'),
('DISCOS DE MUSICA: PRODUCCION'),
('DISCOTECAS MOVILES'),
('DISEÑO DE INTERIORES'),
('DISEÑO DE MODA Y PATRONAJE'),
('DISEÑO DE MUEBLES'),
('DISEÑO GRAFICO'),
('DISEÑO INDUSTRIAL'),
('DISEÑO Y MANTENIMIENTO DE JARDINES'),
('DISEÑO, CONSULTORIA Y ASESORAMIENTO DE FONDOS DE PENSIONES Y OTRAS INSTITUCIONES.'),
('DISFRACES Y COMPLEMENTOS'),
('DISFRACES: ESTABLECIMIENTOS'),
('DISFRACES: VENTA Y ALQUILER'),
('DISTRIBUCION EN EXCLUSIVA PARA ESPAÑA DEL SOFTWARE MARCA CADDY PARA EL DISEÑO CAD.'),
('DISTRIBUCION PRODUCTOS ALIMENTICIOS'),
('DISTRIBUCION Y COMERCIALIZACION DE PRODUCTOS DERIVADOS DE LA PESCA.'),
('DOMOTICA'),
('DROGUERIAS'),
('DROGUERIAS: ESTABLECIMIENTOS'),
('DUPLICADO Y PERSONALIZACION DE DVD Y CD'),
('EBANISTERIA'),
('EBANISTERIAS'),
('ECOLOGIA: PRODUCTOS'),
('ECOLOGIA: SERVICIOS'),
('ECONOMISTAS'),
('EDICION DE DIARIOS REVISTAS BOLETINES'),
('EDICION DE DIARIOS, REVISTAS Y BOLETINES '),
('EDICION DE LIBROS'),
('EDICION DE MAPAS EXCURSIONISTAS DEL PAIS VASCO. COLECCION DE MAPAS-GUIAS DE ARTE ROMANICO.'),
('EDICIONES MUSICALES'),
('EDIFICIOS: MANTENIMIENTO INTEGRAL'),
('EDITORAS DE AUDIOVISUALES'),
('EDITORIAL ESPECIALIZADA EN COMICS.'),
('EDITORIALES'),
('EDUCACION MEDIOAMBIENTAL: CENTROS'),
('EDUCACION Y FORMACION: CONSULTORIAS'),
('EELCTRODOMESTICOS: REPARACIONES'),
('EFECTOS NAVALES'),
('ELABORACION DE VINOS '),
('ELABORACION Y CRIANZA DE VINOS CON D.O.C. RIOJA.'),
('ELABORACION Y DISTRIBUCION DE BEBIDAS GASEOSAS '),
('ELABORACION, CRIANZA Y VENTA DE VINOS DE RIOJA Y CAVA.'),
('ELECTRICIDAD'),
('ELECTRICIDAD Y ELECTRONICA: MATERIAL Y SUMINISTROS  '),
('ELECTRICIDAD: ESTABLECIMIENTOS'),
('ELECTRICIDAD: INGENIERIA'),
('ELECTRICIDAD: INSTALACIONES'),
('ELECTRICIDAD: INSTALACIONES INDUSTRIALES'),
('ELECTRICIDAD: INSTALADORES'),
('ELECTRICIDAD: TALLERES'),
('ELECTRICISTAS'),
('ELECTRODOMESTICOS'),
('ELECTRODOMESTICOS: ASISTENCIA TECNICA Y REPARACION'),
('ELECTRODOMESTICOS: ESTABLECIMIENTOS'),
('ELECTRODOMESTICOS: FABRICANTES Y MAYORISTAS'),
('ELECTRODOMESTICOS: RECAMBIOS Y ACCESORIOS'),
('ELECTRODOMESTICOS: REPARACION'),
('ELECTRODOS'),
('ELECTROMECANICA'),
('ELECTROMEDICINA: EQUIPOS'),
('ELECTROMEDICINA: SERVICIOS'),
('ELECTRONICA'),
('ELECTRONICA EQUIPOS: FABRICACION'),
('ELECTRONICA EQUIPOS: FABRICANTES Y MAYORISTAS'),
('ELECTRONICA EQUIPOS: MAYORISTAS'),
('ELECTRONICA EQUIPOS: REPARACION'),
('ELECTRONICA INDUSTRIAL Y TELECOMUNICACIONES.'),
('ELECTRONICA NAVAL'),
('ELECTRONICA, COMPONENTES: ESTABLECIMIENTOS'),
('ELECTRONICA: ESTABLECIMIENTOS'),
('ELECTRONICA: INGENIERIA'),
('ELECTRONICA: TECNICAS E INSTALACIONES'),
('EMBALAJE: MAQUINAS Y EQUIPOS'),
('EMBALAJES'),
('EMBARCACIONES: VENTA'),
('EMBOTELLADO: MAQUINAS Y EQUIPOS'),
('EMBUTIDOS'),
('EMBUTIDOS Y FIAMBRES'),
('EMBUTIDOS Y FIAMBRES: FABRICANTES Y MAYORISTAS'),
('EMISORAS DE RADIO'),
('EMISORAS DE TELEVISION'),
('EMPAQUETADURAS DE ESTANQUEIDAD: FABRICACION'),
('EMPRESA DE SERVICIOS'),
('EMPRESARIOS Y PRODUCTORAS DE ESPECTACULOS'),
('EMPRESAS CONSTRUCTORAS'),
('EMPRESAS DE CONSTRUCCION'),
('EMPRESAS DE PINTURA Y REVESTIMIENTOS'),
('EMPRESAS DE TRABAJO TEMPORAL'),
('EMPRESAS DE VIGILANCIA, GUARDIA Y PROTECCION'),
('ENCOFRADOS'),
('ENCUADERNACIONES'),
('ENCUADERNACIONES. ARTES GRAFICAS'),
('ENERGIA EOLICA'),
('ENERGIA SOLAR'),
('ENERGIA: CONSULTORIAS'),
('ENERGIAS ALTERNATIVAS'),
('ENERGIAS RENOVABLES'),
('ENFERMERAS: CONSULTAS, ATENCION A DOMICILIO'),
('ENSEÑANZA A DISTANCIA'),
('ENSEÑANZA DE EUSKERA'),
('ENSEÑANZA INDUSTRIAL Y TECNICA'),
('ENSEÑANZAS ARTISTICAS'),
('ENTE VASCO PARA MEJORAR LA EFICIENCIA ENERGETICA'),
('ENTIDADES COLABORADORAS DE ADOPCION INTERNACIONAL'),
('ENTIDADES DE CERTIFICACION Y NORMALIZACION'),
('ENTIDADES DE INSPECCION DE CALIDAD'),
('ENVASES DE PLASTICO'),
('ENVASES METALICOS'),
('EQUIPAMIENTO DE PARQUES INFANTILES'),
('EQUIPO DE REFRIGERACION INDUSTRIAL'),
('EQUIPOS DE ELECTROMEDICINA'),
('EQUIPOS DE ENGRASE Y LUBRICACION.'),
('EQUIPOS DE SONIDO'),
('EQUIPOS E INSTALACIONES DE AIRE ACONDICIONADO'),
('EQUITACION: ESCUELAS'),
('ESCALERAS'),
('ESCALERAS: FABRICACION E INSTALACION'),
('ESCAPARATISTAS, DECORADORES'),
('ESCAYOLAS'),
('ESCAYOLISTAS'),
('ESCAYOLISTAS: TRABAJOS'),
('ESCENOGRAFIA'),
('ESCRITORES'),
('ESCUELA DE HOSTELERIA'),
('ESCUELA DE MUSICA'),
('ESCUELAS DE ARTE DRAMATICO'),
('ESCUELAS DE ARTES MARCIALES'),
('ESCUELAS DE BAILE'),
('ESCUELAS DE DANZA'),
('ESCUELAS DE DANZA Y BAILE'),
('ESCUELAS DE DIRECCION DE EMPRESAS'),
('ESCUELAS DE HOSTELERIA'),
('ESCUELAS DE IDIOMAS'),
('ESCUELAS DE MUSICA'),
('ESCUELAS DE NAVEGACION DEPORTIVA'),
('ESCUELAS DE YOGA'),
('ESCUELAS OFICIALES DE IDIOMAS'),
('ESCUELAS PUBLICAS DE EDUCACION INFANTIL Y PRIMARIA'),
('ESCUELAS UNIVERSITARIAS '),
('ESCUELAS UNIVERSITARIAS PRIVADAS'),
('ESCULTURA ARTE'),
('ESOTERISMO ARTICULOS: ESTABLECIMIENTOS'),
('ESPECTACULOS DEPORTIVOS: ORGANIZACION'),
('ESPECTACULOS: AGENCIAS'),
('ESPUMAS DE POLIURETANO: FABRICACION'),
('ESQUI: ARTICULOS'),
('ESTABLECIMIENTO DE BICICLETAS'),
('ESTABLECIMIENTO DE MOBILIARIO Y DECORACION'),
('ESTABLECIMIENTO DE PINTURA Y BARNIZ'),
('ESTABLECIMIENTO DE TE Y CAFE'),
('ESTABLECIMIENTO DEL AUTOMOVIL'),
('ESTABLECIMIENTOS DE BISUTERIA'),
('ESTABLECIMIENTOS DE ELECTRONICA'),
('ESTABLECIMIENTOS DE VENTA DE VINO A GRANEL Y DEGUSTACION'),
('ESTACIONES DE SERVICIO'),
('ESTACIONES DE SERVICIO Y AREAS DE SERVICIO'),
('ESTAMPACION MAQUINAS Y EQUIPOS: DISTRIBUCION'),
('ESTAMPACION TROQUELADO DE METALES.'),
('ESTAMPACION Y EMBUTICION EN FRIO. MONTAJE DE COMPONENTES POR SOLDADURA. EJES TRASEROS, BRAZOS DE SUS'),
('ESTAMPACIONES'),
('ESTAMPACIONES METALICAS'),
('ESTANCOS'),
('ESTANTERIAS'),
('ESTANTERIAS: FABRICANTES Y MAYORISTAS'),
('ESTETICA: APARATOS E INSTRUMENTOS'),
('ESTETICA: CENTROS'),
('ESTRUCTURAS DE HORMIGON'),
('ESTRUCTURAS DE MADERA PREFABRICADAS'),
('ESTRUCTURAS METALICAS'),
('ESTUDIO DE GRABACION DE SONIDO'),
('ESTUDIOS DE MERCADO MARKETING Y PUBLICIDAD'),
('ETIQUETAS: FABRICACION'),
('ETIQUETAS: FABRICANTES Y MAYORISTAS'),
('EVENTOS SOCIOCULTURALES: COMITES ORGANIZADORES'),
('EXCAVACIONES'),
('EXCAVACIONES Y DERRIBOS'),
('EXCAVACIONES Y MOVIMIENTO DE TIERRAS'),
('EXCURSIONES'),
('EXCURSIONES TURISTICAS'),
('EXPLOTACION DE UN HOTEL DE 3 ESTRELLAS DENOMINADO HOTEL CONDE DUQUE.'),
('EXPORTACION DE ACERO DE ALEACION ESPECIAL.'),
('EXPORTACION DE PRODUCTOS DE SUBCONTRATACION '),
('EXPOSICION DE ARTE'),
('EXTINTORES'),
('FABRICA ACHICORIAS Y MALTAS.'),
('FABRICA DE MUEBLES'),
('FABRICA DE RECAMBIOS Y ACCESORIOS PARA MAQUINAS HERRAMIENTA.'),
('FABRICA ELEMENTOS TERMOELECTRICOS Y MATERIAL ELECTRICO DIVERSO.'),
('FABRICA MOBILIARIO METALICO PARA SUPERMERCADOS.'),
('FABRICA PAPEL PARA EMBALAJE, CARTON ONDULADO, SACOS DE PAPEL, ETC'),
('FABRICA VENTILADORES CENTRIFUGOS Y AXIALES.'),
('FABRICACION'),
('FABRICACION DE ALAMBRE Y CABLE.'),
('FABRICACION DE ALEACIONES DE ALUMINIO.'),
('FABRICACION DE ARTICULOS Y EQUIPOS DEPORTIVOS'),
('FABRICACION DE CALDERAS DE VAPOR MATERIAL FERROVIARIO Y EQUIPOS DIVERSOS '),
('FABRICACION DE CERRADURAS'),
('FABRICACION DE CONFITERIAS Y DE CHOCOLATES'),
('FABRICACION DE DISTRIBUIDORES AUTOMATICOS'),
('FABRICACION DE EMBRAGUES PARA AUTOMOCION.'),
('FABRICACION DE EMBRAGUES REDUCTORES DE VELOCIDAD FRENOS ETC '),
('FABRICACION DE ESPATO FLUOR.'),
('FABRICACION DE HERRAMINETAS DE ROSCAS  '),
('FABRICACION DE LAMINADOS PLASTIFICADOS Y ESTRATIFICADOS .'),
('FABRICACION DE MAQUINARIA PARA LA INDUSTRIA QUIMICA Y PAPELERA. CALDERERIA.'),
('FABRICACION DE MATERIAL ELECTRICO'),
('FABRICACION DE MATERIALES DE PROTECCION PERSONAL '),
('FABRICACION DE MOLDES Y MODELOS'),
('FABRICACION DE MOTORES DIESEL Y COMPONENTES '),
('FABRICACION DE MUEBLES Y ACCESORIOS PARA LABORATORIOS'),
('FABRICACION DE NEUMATICOS'),
('FABRICACION DE PALAS CARGADORAS, TENSOACTIVOS ETC.'),
('FABRICACION DE PEINES Y DE ACCESORIOS DE PELUQUERIA '),
('FABRICACION DE PERFUMES'),
('FABRICACION DE PIEZAS Y PARTES DE MATERIAL Y MAQUINARIA ELECTRICA, FUNDICION DE PIEZAS.'),
('FABRICACION DE PISCINAS ELEVADAS'),
('FABRICACION DE PRODUCTOS DE ELECTRONICA INDUSTRIAL'),
('FABRICACION DE PRODUCTOS DE LIMPIEZA E HIGIENE'),
('FABRICACION DE PRODUCTOS QUIMICOS PARA LA INDUSTRIA DEL PLASTICO Y PVC '),
('FABRICACION DE RECUBRIMIENTOS ANTICORROSIVOS Y ANTIABRASIVOS Y MOLDEO DE PIEZAS  '),
('FABRICACION DE RODAMIENTOS.'),
('FABRICACION DE TARJETAS DE AMPLIACION PARA ORDENADORES Y DESARROLLO DE SISTEMAS INFORMATICOS INDUSTRIALES '),
('FABRICACION DE TERMINALES GPS PARA LA LOCALIZACION DE VEHICULOS, GESTION DE FLOTAS, ETC.'),
('FABRICACION DE TERMOPLASTICOS.'),
('FABRICACION DE TUERCAS Y OTRAS PIEZAS ESTAMPADAS.'),
('FABRICACION DE VALVULAS'),
('FABRICACION DE VALVULAS DE BOLA FUNDIDAS Y FORJADAS EN ACEROS.'),
('FABRICACION Y COMERCIALIZACION DE SISTEMAS DE PROTECCION, CONTROL, MEDIDA, Y COMUNICACION PARA REDES'),
('FABRICACION Y COMERCIO DE MAQUINARIA Y HERRAMIENTAS'),
('FABRICACION Y DISTRIBUCION MATERIAL DEPORTIVO'),
('FABRICACION Y MAYORISTAS DE TEJIDOS'),
('FABRICACION Y VENTA DE TORNILLERIA  '),
('FABRICACION, IMPORTACION, VENTA DE MATERIAL DE TELEFONIA, PERITELEFONIA'),
('FABRICACION, VENTA DE CUADROS Y ACCESORIOS PARA ENMARCAR'),
('FABRICACION, VENTA, INSTALACION DE ROTULOS, DE ROTULOS LUMINOSOS'),
('FABRICANTE DE NAVAJAS Y CUCHILLOS DEPORTIVOS.'),
('FABRICANTES Y MAYORISTAS DE ARTICULOS DE CAUCHO Y GOMA'),
('FACHADAS ESTRUCTURALES Y ESPECIALES: CONSTRUCCION'),
('FACHADAS: RESTAURACION'),
('FARMACIAS'),
('FARMACIAS: EQUIPAMIENTO'),
('FAX: SERVICIOS'),
('FEDERACIONES DEPORTIVAS'),
('FERIAS DE MUESTRAS: COMITES ORGANIZADORES'),
('FERRALLAS: FABRICACION'),
('FERRETERIA ARTICULOS: FABRICANTES Y MAYORISTAS'),
('FERRETERIA ARTICULOS: MAYORISTAS'),
('FERRETERIAS'),
('FERROCARRILES: SERVICIOS'),
('FERTILIZANTES NATURALES: FABRICACION'),
('FIBRAS DE POLIESTER: FABRICACION'),
('FIBRAS DE VIDRIO'),
('FIESTAS ESPECTACULOS Y EVENTOS DE EPOCA: ORGANIZACION'),
('FIESTAS ESPECTACULOS Y EVENTOS INFANTILES: ORGANIZACION'),
('FIESTAS Y EVENTOS: ORGANIZACION'),
('FIESTAS: ORGANIZACION'),
('FILATELIA'),
('FILTROS Y ELEMENTOS FILTRADORES'),
('FILTROS: FABRICANTES Y MAYORISTAS'),
('FINANCIACION: ENTIDADES'),
('FISIOTERAPEUTAS'),
('FISIOTERAPIA'),
('FITOSANITARIOS PRODUCTOS: FABRICANTES Y MAYORISTAS'),
('FLEJES'),
('FLORES Y PLANTAS ARTIFICIALES: FABRICANTES Y MAYORISTAS'),
('FLORES Y PLANTAS NATURALES: MAYORISTAS'),
('FLORISTERIAS'),
('FLOTA PESQUERA.'),
('FONTANERIA'),
('FONTANERIA Y DESATASCOS'),
('FONTANERIA: INSTALACION Y REPARACION'),
('FONTANERIA: INSTALACIONES INDUSTRIALES'),
('FONTANERIAS'),
('FONTANEROS'),
('FORJA'),
('FORJA ARTISTICA'),
('FORJA INDUSTRIAL'),
('FORJA POR ESTAMPACION.'),
('FORJADOS PARA LA CONSTRUCCION'),
('FORJAS'),
('FORMACION DE PROFESORADO DE AUTOESCUELA'),
('FORMACION OCUPACIONAL'),
('FORMACION PARA EMPRESAS: CURSOS'),
('FORMACION POSTGRADO '),
('FOTOCOMPOSICION'),
('FOTOCOPIADORAS'),
('FOTOCOPIADORAS: VENTA E INSTALACION'),
('FOTOCOPIAS'),
('FOTOGRAFIA'),
('FOTOGRAFIA AEREA'),
('FOTOGRAFIA EQUIPOS: FABRICANTES Y MAYORISTAS'),
('FOTOGRAFIA INDUSTRIAL Y PUBLICITARIA'),
('FOTOGRAFIA: ESCUELAS'),
('FOTOGRAFIA: ESTABLECIMIENTOS'),
('FOTOGRAFIA: ESTUDIOS'),
('FOTOGRAFIA: LABORATORIOS'),
('FOTOGRAFOS'),
('FOTOMECANICA'),
('FRANQUICIADORAS DE JOYERIA Y BISUTERIA'),
('FRESADO DE MUROS, PAREDES Y ESTRUCTURAS'),
('FRIGORIFICOS'),
('FRIO INDUSTRIAL'),
('FRIO INDUSTRIAL MAQUINAS Y EQUIPOS: REPARACION'),
('FRIO INDUSTRIAL: VENTA Y REPARACION'),
('FRUTAS Y HORTALIZAS'),
('FRUTAS Y HORTALIZAS: MAYORISTAS'),
('FRUTAS: MAYORISTAS'),
('FRUTERIAS'),
('FRUTOS SECOS: ESTABLECIMIENTOS'),
('FUENTES DE AGUA REFRIGERADA'),
('FUNDACIONES'),
('FUNDACIONES ASOCIACIONES: COOPERACION AL DESARROLLO Y SOLIDARIDAD'),
('FUNDACIONES DE AYUDA Y ATENCION AL DISCAPACITADO PSIQUICO'),
('FUNDACIONES Y ASOCIACIONES DE APOYO Y ATENCION A LA FAMILIA'),
('FUNDACIONES Y ASOCIACIONES DE ATENCION DE MINORIAS SOCIALES'),
('FUNDACIONES Y ASOCIACIONES DE ATENCION Y PROTECCION DEL MENOR'),
('FUNDACIONES Y ASOCIACIONES DE AYUDA HUMANITARIA'),
('FUNDACIONES Y ASOCIACIONES DE PROTECCION DE LOS ANIMALES'),
('FUNDACIONES Y ASOCIACIONES DE VOLUNTARIADO INTERNACIONAL'),
('FUNDACIONES Y ASOCIACIONES PARA DEFENSA DE LOS DERECHOS HUMANOS'),
('FUNDACIONES Y ASOCIACIONES PARA LA ATENCION Y APOYO A LOS INMIGRANTES'),
('FUNDACIONES Y ASOCIACIONES PARA LA INVESTIGACION CIENTIFICA'),
('FUNDICION'),
('FUNDICION DE METALES, TRANSFORMACION, COMERCIALIZACION DE ZINC, ALEACIONES, ETC.'),
('FUNDICION INDUSTRIAL'),
('FUNDICION, ARTICULOS Y EQUIPOS: FABRICANTES Y MAYORISTAS'),
('FUNDICIONES'),
('FUNDICIONES ARTICULOS Y EQUIPOS: FABRICACION'),
('FUNDICIONES EN GENERAL'),
('FUNDICIONES INDUSTRIALES'),
('FUNERARIAS'),
('FUNERARIAS: SERVICIOS'),
('FURGONETAS: ALQUILER'),
('GABINETES DE PRENSA'),
('GAFAS: FABRICANTES Y MAYORISTAS'),
('GALERIAS DE ARTE'),
('GALVANOTECNIA'),
('GANADERIAS'),
('GANADO: CRIA'),
('GAS NATURAL'),
('GAS PROPANO'),
('GAS: INSTALACIONES'),
('GASES INDUSTRIALES'),
('GASOLEO'),
('GASOLEO: SUMINISTROS'),
('GENEROS DE PUNTO: ESTABLECIMIENTOS'),
('GESTION DE COBROS'),
('GESTION DE EMPRESA'),
('GESTION DE PATRIMONIOS'),
('GESTION DE RESIDUOS'),
('GESTION INTEGRAL DE OCIO, EXCURSIONES, VIAJES, ALBERGUES, ETC.'),
('GESTORES VENDEDORES INMOBILIARIOS'),
('GESTORIAS ADMINISTRATIVAS'),
('GESTORIAS ADMINSITRATIVAS'),
('GESTORIAS Y ASESORIAS'),
('GIMNASIOS'),
('GOLF: ARTICULOS Y EQUIPOS'),
('GOLOSINAS: ESTABLECIMIENTOS'),
('GOLOSINAS: FABRICACION'),
('GRABADOS'),
('GRADUADOS SOCIALES'),
('GRAFOLOGIA'),
('GRANALLADORAS'),
('GRANDES ALMACENES'),
('GRANJAS DE AVES Y CAZA'),
('GRANJAS ESCUELAS'),
('GREMIO EMPRESARIAL'),
('GRUA CAMION'),
('GRUAS CAMION Y MOVILES: SERVICIOS'),
('GRUAS INDUSTRIALES'),
('GRUAS PARA CINE Y TELEVISION'),
('GRUAS PARA CONSTRUCCION E INDUSTRIA'),
('GRUAS PARA CONSTRUCCION E INDUSTRIA: REPARACION Y MANTENIMIENTO'),
('GRUAS PARA CONSTRUCCION E INDUSTRIA: VENTA Y ALQUILER'),
('GRUAS PARA VEHICULOS'),
('GRUAS TORRE Y AUTOMONTANTES: VENTA Y ALQUILER'),
('GRUPOS MUSICALES'),
('GUADERIAS Y LUDOTECAS'),
('GUARDAMUEBLES'),
('GUARDAMUEBLES Y ALQUILER DE TRASTEROS'),
('GUARDERIAS'),
('GUARDERIAS INFANTILES'),
('GUARDERIAS Y ESCUELAS INFANTILES'),
('GUARNECIDOS Y ENLUCIDOS DE YESO '),
('GUIAS TURISTICOS'),
('GUITARRA: PROFESORES PARTICULARES'),
('GUITARRAS'),
('HARINAS DE PESCADO'),
('HELADOS Y CONGELADOS: DISTRIBUCION'),
('HELADOS: FABRICACION'),
('HERALDICA Y GENEALOGIA'),
('HERBOLARIOS'),
('HERBORISTERIAS'),
('HERRAJES'),
('HERRAMIENTAS'),
('HERRAMIENTAS ADIAMANTADAS: FABRICACION'),
('HERRAMIENTAS DE CORTE INDUSTRIAL'),
('HERRAMIENTAS DE CORTE: MAYORISTAS'),
('HERRAMIENTAS DE MANO SIN MOTOR: FABRICACION'),
('HERRAMIENTAS: FABRICANTES Y MAYORISTAS'),
('HERRERIAS'),
('HIDRAULICA Y NEUMATICA: MAQUINAS Y EQUIPOS'),
('HIDRAULICA: INSTALACIONES'),
('HIERRO: ALMACENES'),
('HIERROS'),
('HIERROS FORJADOS'),
('HIERROS: ALMACEN'),
('HIGIENE Y ASEO ARTICULOS: FABRICANTES Y MAYORISTAS'),
('HIGIENE Y ASEO ARTICULOS: MAYORISTAS'),
('HIGIENE, BELLEZA: ARTICULOS (AL POR MENOR)'),
('HINCHABLES: FIGURAS'),
('HIPICA: ARTICULOS, EQUIPOS Y SERVICIOS'),
('HOJALATERIAS'),
('HOMEOPATAS'),
('HORMIGON LISTO PARA USAR'),
('HORMIGON: CORTE'),
('HORMIGON: FABRICACION'),
('HORMIGONES'),
('HORNOS INDUSTRIALES'),
('HORNOS INDUSTRIALES ELECTRICOS'),
('HORNOS INDUSTRIALES: FABRICANTES Y MAYORISTAS'),
('HORTALIZAS Y LEGUMBRES '),
('HORTICULTURA'),
('HOSPITALES'),
('HOSTAL'),
('HOSTAL DE 2 ESTRELLAS'),
('HOSTELERIA'),
('HOSTELERIA: EMPRESAS DE GESTION'),
('HOSTELERIA: ENSEÑANZA'),
('HOSTELERIA: EQUIPAMIENTO E INSTALACIONES'),
('HOSTELERIA: EQUIPAMIENTOS E INSTALACIONES'),
('HOSTELERIA: SUMINISTROS'),
('HOTEL'),
('HOTEL DE 1 ESTRELLA'),
('HOTEL DE 2 ESTRELLAS'),
('HOTEL DE 3 ESTRELLAS'),
('HOTEL RURAL'),
('HUEVERIAS Y POLLERIAS'),
('HUEVOS'),
('HUEVOS: MAYORISTAS'),
('IDIOMAS EN EL EXTRANJERO'),
('IDIOMAS: ENSEÑANZA'),
('IGLESIA ADVENTISTA'),
('IGLESIA CATOLICA'),
('IGLESIA EVANGELICA'),
('IGLESIAS ANGLICANAS'),
('ILUMINACION'),
('ILUMINACION APARATOS, EQUIPOS Y MATERIALES: ESTABLECIMIENTOS'),
('ILUMINACION ESPECTACULAR'),
('ILUMINACION Y ALUMBRADO '),
('IMAGEN Y COMUNICACION: ASESORIA'),
('IMAGEN Y SONIDO'),
('IMANES'),
('IMPERMEABILIZACIONES'),
('IMPERMEABILIZANTES: FABRICANTES Y MAYORISTAS'),
('IMPORTACION EXPORTACION'),
('IMPORTACION Y DISTRIBUCION DE JUGUETES '),
('IMPORTACION, FABRICACION Y MONTAJE DE EQUIPOS ELECTRONICOS'),
('IMPORTACION-EXPORTACION SOCIEDADES DE COMERCIO INTERNACIONAL'),
('IMPORTACIONES'),
('IMPRENTA ARTES GRAFICAS '),
('IMPRENTAS'),
('IMPRESION DE ENVASES Y ESTUCHES: SERVICIOS'),
('IMPRESION DIGITAL: SERVICIO'),
('INCENDIOS MATERIALES: VENTA E INSTALACION'),
('INFOGRAFIA'),
('INFORMACION CINEMATOGRAFICA.'),
('INFORMATICA'),
('INFORMATICA CONSUMIBLES: DISTRIBUCION'),
('INFORMATICA E INTERNET'),
('INFORMATICA EQUIPO Y PROGRAMAS (AL POR MAYOR)'),
('INFORMATICA EQUIPOS Y PROGRAMAS: FABRICANTES Y MAYORISTAS'),
('INFORMATICA EQUIPOS: REPARACION'),
('INFORMATICA PROGRAMAS: FABRICACION'),
('INFORMATICA Y OFIMATICA'),
('INFORMATICA Y OFIMATICA: ESTABLECIMIENTOS'),
('INFORMATICA, EQUIPOS Y PROGRAMAS: ESTABLECIMIENTOS'),
('INFORMATICA. DESARROLLO DE APLICACIONES'),
('INFORMATICA. DISEÑO WEB'),
('INFORMATICA. SERVICIO TECNICO Y PROGRAMACION PARA EMPRESAS.'),
('INFORMATICA. SOFTWARE'),
('INFORMATICA: ASISTENCIA TECNICA Y REPARACION'),
('INFORMATICA: CENTROS DE FORMACION'),
('INFORMATICA: CONSULTORIAS'),
('INFORMATICA: CONSUMIBLES'),
('INFORMATICA: DESARROLLO DE APLICACIONES '),
('INFORMATICA: DISEÑO WEB'),
('INFORMATICA: DISEÑO Y PROGRAMACION A MEDIDA'),
('INFORMATICA: EQUIPOS Y MATERIALES'),
('INFORMATICA: ESTABLECIMIENTOS'),
('INFORMATICA: INSTALACION'),
('INFORMATICA: INSTALACION Y MANTENIMIENTO'),
('INFORMATICA: REPARACION DE ORDENADORES'),
('INFORMATICA: SERVICIO INTEGRAL'),
('INFORMATICA: SERVICIOS A EMPRESAS'),
('INFORMATICA: SOFTWARE'),
('INFORMATICA: VENTA DE ORDENADORES'),
('INGENIERIA'),
('INGENIERIA ACUSTICA'),
('INGENIERIA CIVIL'),
('INGENIERIA CIVIL Y OBRAS PUBLICAS'),
('INGENIERIA DE MEDIOAMBIENTE.'),
('INGENIERIA DE MONTAJE ESPECIALIZADA EN MANIOBRAS, MODELIZACIONES Y APLICACIONES POR CAD 3D.'),
('INGENIERIA DEL AUTOMOVIL'),
('INGENIERIA GEOLOGICA'),
('INGENIERIA INDUSTRIAL'),
('INGENIERIA INFORMATICA'),
('INGENIERIA NAVAL'),
('INGENIERIA Y ARQUITECTURA'),
('INGENIERIA: CONSULTORIAS'),
('INGENIERIA: PROYECTOS'),
('INGENIEROS'),
('INGENIEROS DE MINAS'),
('INGENIEROS DIVERSOS'),
('INGENIEROS INDUSTRIALES'),
('INGENIEROS TECNICOS AGRICOLAS'),
('INGENIEROS TECNICOS TOPOGRAFOS'),
('INMOBILIARIA: AGENCIAS'),
('INMOBILIARIAS'),
('INMOBILIARIAS: PROMOCIONES'),
('INMOTICA Y DOMOTICA'),
('INSECTICIDAS: FABRICANTES Y MAYORISTAS'),
('INSEMINACION ARTIFICIAL HUMANA: CENTROS'),
('INSPECCION TECNICA DE EDIFICIOS'),
('INSPECTORES DE CARGA.'),
('INSTALACION DE CALEFACCION'),
('INSTALACIONES COMERCIALES'),
('INSTALACIONES COMERCIALES Y EQUIPAMIENTO'),
('INSTALACIONES DE GAS ELECTRICIDAD Y FONTANERIA'),
('INSTALACIONES DEPORTIVAS'),
('INSTALACIONES ELECTRICAS'),
('INSTALACIONES Y EQUIPAMIENTO COMERCIAL'),
('INSTALACIONES Y EQUIPAMIENTOS COMERCIALES'),
('INSTALACIONES Y MONTAJES INDUSTRIALES'),
('INSTITUCIONES BENEFICO SOCIALES'),
('INSTITUCIONES CULTURALES'),
('INSTITUTO DE BELLEZA'),
('INSTITUTO DE INVESTIGACION'),
('INSTITUTOS DE BELLEZA'),
('INSTITUTOS DE EDUCACION SECUNDARIA'),
('INSTITUTOS DE FORMACION PROFESIONAL'),
('INSTITUTOS Y SALONES DE BELLEZA'),
('INSTRUMENTACION INDUSTRIAL'),
('INSTRUMENTOS DE MEDICION Y CONTROL'),
('INSTRUMENTOS MUSICALES'),
('INSTRUMENTOS MUSICALES: REPARACION Y ACCESORIOS'),
('INSTRUMENTOS MUSICALES: VENTA Y ALQUILER'),
('INTERCAMBIADORES DE CALOR: FABRICANTES Y MAYORISTAS'),
('INTERCAMBIADORES DE HERRAMIENTAS, INTERCAMBIADORES DE PALLETS.'),
('INTERCOMUNICACION: EQUIPOS'),
('INTERIORISMO Y DECORACION'),
('INTERIORISMO Y DECORACION: INSTALACIONES Y OBRAS'),
('INTERNET: PORTALES'),
('INTERNET: SERVICIOS'),
('INTERPRETES'),
('INVERSIONES E INTERMEDIACIONES FINANCIERAS '),
('INVERSIONES FINANCIERAS'),
('INVERSIONES: CONSULTORIAS'),
('INVESTIGACION CIENTIFICA Y TECNICA'),
('INVESTIGACION Y DESARROLLO'),
('INVESTIGACION Y ESTUDIOS DE MERCADO'),
('JABONES'),
('JABONES: ESTABLECIMIENTOS'),
('JAMONES'),
('JARDINERIA'),
('JARDINERIA ARTICULOS Y SERVICIOS'),
('JARDINERIA ARTICULOS Y SERVICIOS: CENTROS'),
('JARDINERIA: CENTROS'),
('JARDINERIA: EMPRESAS DE SERVICIOS'),
('JARDINERIA: MAQUINAS Y EQUIPOS'),
('JARDINERIA: MATERIALES Y ACCESORIOS'),
('JARDINERIA: SERVICIOS'),
('JARDINERIAS VEGETALES ARTICULOS DE JARDINERIA '),
('JOYERIA: ESTABLECIMIENTOS'),
('JOYERIA: FABRICACION'),
('JOYERIA: MAYORISTAS'),
('JOYERIA: TALLERES'),
('JOYERIAS'),
('JOYERIAS: ESTABLECIMIENTOS'),
('JUEGO DE GUERRA'),
('JUEGOS'),
('JUEGOS DE MESA, ESTRATEGIA, AZAR'),
('JUEGOS INFANTILES: CENTROS'),
('JUGUETERIAS'),
('JUGUETES: FABRICACION'),
('JUNTAS INDUSTRIALES'),
('JUZGADOS DE PAZ'),
('KARTING: DEPORTES'),
('LABORATORIO DE ANALISIS CLINICOS'),
('LABORATORIOS DE ANALISIS ALIMENTARIOS'),
('LABORATORIOS DE ANALISIS CLINICOS'),
('LABORATORIOS DE CALIBRACION Y VERIFICACION'),
('LABORATORIOS DE COSMETICA'),
('LABORATORIOS DE ENSAYO DE MATERIALES'),
('LABORATORIOS DE PROTESIS DENTALES'),
('LABORATORIOS DE TERAPIA CELULAR Y MEDICINA REGENERATIVA'),
('LABORATORIOS DENTALES'),
('LABORATORIOS FARMACEUTICOS'),
('LABORATORIOS QUIMICOS'),
('LABORATORIOS VETERINARIOS'),
('LABORATORIOS Y TRABAJOS DE FOTOGRAFIA, VIDEO Y CINE'),
('LACADO DE METALES'),
('LAMINACION EN CALIENTE DE PERFILES COMERCIALES Y ESPECIALES, CARRIL DE MINAS Y GUIADERAS DE ASCENSOR'),
('LAMINADOS'),
('LAMPARAS ACCESORIOS: FABRICANTES Y MAYORISTAS'),
('LAMPARAS DECORATIVAS'),
('LAMPARAS DECORATIVAS: ESTABLECIMIENTOS'),
('LAMPARAS E ILUMINACION'),
('LAMPARAS: ESTABLECIMIENTOS'),
('LANAS PARA LABORES: ESTABLECIMIENTOS'),
('LASER INDUSTRIAL'),
('LAVADO Y ENGRASE DE VEHICULOS'),
('LAVANDERIAS DOMESTICAS'),
('LAVANDERIAS INDUSTRIALES'),
('LAVANDERIAS Y TINTORERIAS INDUSTRIALES'),
('LECHE Y DERIVADOS: FABRICANTES Y MAYORISTAS'),
('LENCERIA Y CORSETERIA'),
('LENCERIA Y ROPA INTERIOR'),
('LIBRERIAS'),
('LIBRERIAS ESPECIALIZADAS'),
('LIBRERIAS ESPECIALIZADAS EN COMICS'),
('LIBRERIAS ESPECIALIZADAS EN DERECHO'),
('LIBRERIAS ESPECIALIZADAS EN LIBROS ANTIGUOS'),
('LIBRERIAS ESPECIALIZADAS EN LITERATURA INFANTIL Y JUVENIL'),
('LIBRERIAS ESPECIALIZADAS EN MEDICINA'),
('LIBRERIAS ESPECIALIZADAS EN RELIGION Y VALORES'),
('LIBROS: COMPRA-VENTA'),
('LIBROS: DISTRIBUIDORES'),
('LICORES Y AGUARDIENTES: DISTRIBUCION'),
('LIMPIEZA'),
('LIMPIEZA ARTICULOS: FABRICANTES Y MAYORISTAS'),
('LIMPIEZA ARTICULOS: MAYORISTAS'),
('LIMPIEZA DE ALFOMBRAS Y MOQUETAS'),
('LIMPIEZA DE CALZADOS'),
('LIMPIEZA DE CHIMENEAS'),
('LIMPIEZA DE MOQUETAS Y TAPICERIAS'),
('LIMPIEZA INDUSTRIAL'),
('LIMPIEZA INDUSTRIAL: EMPRESAS'),
('LIMPIEZA, ARTICULOS: ESTABLECIMIENTOS'),
('LIMPIEZA: EMPRESAS'),
('LIMPIEZAS'),
('LIMPIEZAS INDUSTRIALES'),
('LIMPIEZAS INDUSTRIALES, EVACUACION DE RESIDUOS, DEPOSITOS DE FUEL-OIL Y COMBUSTIBLES, LIMPIEZAS QUIM'),
('LIMPIEZAS TECNICAS'),
('LIMPIEZAS: EMPRESAS'),
('LIMPIEZAS: SERVICIOS'),
('LINEAS AEREAS: COMPAÑIAS'),
('LINEAS MARITIMAS'),
('LOCALIZACIONES Y PRESENTACIONES MULTIMEDIA'),
('LOCUTORIOS TELEFONICOS'),
('LOGISTICA'),
('LOGISTICA Y DISTRIBUCION'),
('LOGISTICA Y TRANSPORTES'),
('LOGISTICA, ALMACENAJE Y DISTRIBUCION'),
('LOGOPEDAS'),
('LONAS'),
('LUBRICANTES'),
('LUBRICANTES: MAYORISTAS'),
('LUBRICANTES: MINORISTAS'),
('LUDOTECAS');
INSERT INTO `familia_profesional_empresa` (`familia_profesional_empresa`) VALUES
('MADERA ARTICULOS: FABRICACION'),
('MADERA ARTICULOS: FABRICANTES Y MAYORISTAS'),
('MADERA: ALMACENES'),
('MADERA: COMPRA-VENTA'),
('MADERA: TRATAMIENTOS'),
('MADERAS'),
('MAGIA E ILUSIONISMO ESPECTACULOS: PRODUCCION'),
('MALETAS Y ARTICULOS DE VIAJE: ESTABLECIMIENTOS'),
('MALETAS: ESTABLECIMIENTOS'),
('MAMPARAS DE BAÑO'),
('MAMPARAS DIVISORIAS: FABRICACION E INSTALACION'),
('MANGUERAS'),
('MANIPULADORES DE ALIMENTOS: CENTROS DE FORMACION'),
('MANTENIMIENTO DE MAQUINARIA'),
('MANTENIMIENTO E INSTALACIONES INDUSTRIALES'),
('MANTENIMIENTO INDUSTRIAL'),
('MANTEQUERIAS'),
('MANUALIDADES ARTICULOS: ESTABLECIMIENTOS'),
('MANUALIDADES: ARTICULOS'),
('MAQUETAS'),
('MAQUETAS Y PROTOTIPOS'),
('MAQUILLADORES'),
('MAQUINA PARA MANIPULADO DE PAPEL'),
('MAQUINARIA ACONDICIONADORA DE AIRE'),
('MAQUINARIA AGRICOLA: REPARACION'),
('MAQUINARIA DE AUTOMOCION'),
('MAQUINARIA ELECTRICA'),
('MAQUINARIA EN GENERAL'),
('MAQUINARIA HIDRAULICA'),
('MAQUINARIA INDUSTRIAL'),
('MAQUINARIA NAVAL'),
('MAQUINARIA NEUMATICA E HIDRAULICA'),
('MAQUINARIA PARA AGRICULTURA: FABRICANTES Y MINORISTAS'),
('MAQUINARIA PARA ARTES GRAFICAS'),
('MAQUINARIA PARA CONSERVAS'),
('MAQUINARIA PARA EL VIDRIO'),
('MAQUINARIA PARA ELECTRONICA'),
('MAQUINARIA PARA ENVASADO'),
('MAQUINARIA PARA HOSTELERIA'),
('MAQUINARIA PARA INDUSTRIAS DIVERSAS'),
('MAQUINARIA PARA INDUSTRIAS METALICAS'),
('MAQUINARIA PARA JARDINERIA'),
('MAQUINARIA PARA LA CONSTRUCCION'),
('MAQUINARIA PARA LA CONSTRUCCION: ALQUILER'),
('MAQUINARIA PARA LA FABRICACION DE ENVASES.'),
('MAQUINARIA PARA LA INDUSTRIA TEXTIL'),
('MAQUINARIA PARA LAVANDERIA'),
('MAQUINARIA PARA LIMPIEZA'),
('MAQUINARIA PARA MADERA'),
('MAQUINARIA PARA OBRAS PUBLICAS'),
('MAQUINARIA PARA PANIFICADORAS'),
('MAQUINARIA PARA PINTURAS'),
('MAQUINARIA PARA SONDEOS Y EXCAVACIONES'),
('MAQUINARIA PARA TRATAMIENTOS DE AGUA'),
('MAQUINARIA TEXTIL'),
('MAQUINARIA: ALQUILER'),
('MAQUINARIA: COMPRA-VENTA'),
('MAQUINARIA: REPARACION Y MANTENIMIENTO'),
('MAQUINAS DE COSER'),
('MAQUINAS DE OFICINA'),
('MAQUINAS DESTRUCTORAS DE DOCUMENTOS'),
('MAQUINAS EXPENDEDORAS'),
('MAQUINAS EXPENDEDORAS AUTOMATICAS'),
('MAQUINAS EXPENDEDORAS AUTOMATICAS: EXPLOTACION Y MANTENIMIENTO'),
('MAQUINAS HERRAMIENTA'),
('MAQUINAS HERRAMIENTA PARA LA INDUSTRIA AERONAUTICA: FABRICACION'),
('MAQUINAS HERRAMIENTA: FABRICACION'),
('MAQUINAS PARA RECORTAR Y PEGAR'),
('MAQUINAS RECREATIVAS'),
('MAQUINAS RECREATIVAS: EXPLOTACION Y MANTENIMIENTO'),
('MAQUINAS Y HERRAMIENTA DE CORTE DE METAL RECAMBIOS: FABRICACION'),
('MAQUINAS Y HERRAMIENTAS'),
('MARCAJE INDUSTRIAL'),
('MARCAJE INDUSTRIAL MAQUINAS Y EQUIPOS: FABRICACION'),
('MARCOS Y ENMARCACIONES: ESTABLECIMIENTOS'),
('MARISCOS: MAYORISTAS'),
('MARKETING DIRECTO'),
('MARKETING DIRECTO: AGENCIAS'),
('MARKETING INTERACTIVO (ON LINE): AGENCIAS'),
('MARKETING MOVIL: AGENCIAS'),
('MARKETING PROMOCIONAL'),
('MARKETING: CONSULTORIAS'),
('MARMOLES'),
('MARMOLES Y GRANITOS'),
('MARMOLES Y GRANITOS: TRABAJOS'),
('MARROQUINERIA (CONFECCION)'),
('MASAJES NO TERAPEUTICOS'),
('MASAJISTAS'),
('MATADEROS INDUSTRIALES: MAQUINAS Y EQUIPOS'),
('MATERIAL AUDIOVISUAL'),
('MATERIAL CLINICO-QUIRURGICO'),
('MATERIAL DE OFICINA'),
('MATERIAL DE OFICINA Y OFIMATICA'),
('MATERIAL DE OFICINA: CONSUMIBLES'),
('MATERIAL ELECTRICO'),
('MATERIAL HIDRAULICO'),
('MATERIAL PARA CALEFACCION'),
('MATERIALES CLINICO-QUIRURGICOS'),
('MATERIALES CLINICO-QUIRURGICOS: DISTRIBUCION'),
('MATERIALES CONTRA INCENDIO: VENTA E INSTALACION'),
('MATERIALES DE AISLAMIENTO TERMICO Y ACUSTICO'),
('MATERIALES DE CONSTRUCCION'),
('MATERIALES DE CONSTRUCCION: ALMACENES'),
('MATERIALES DE LABORATORIO'),
('MATERIALES DIDACTICOS'),
('MATERIALES ELECTRICOS'),
('MATERIALES ELECTRICOS: FABRICANTES Y MAYORISTAS'),
('MATERIALES ELECTRICOS: MAYORISTAS'),
('MATERIALES PARA OFIMATICA: SUMINISTROS'),
('MATERIAS PLASTICAS: PRODUCTOS DE CONSUMO MASIVO (FABRICACION)'),
('MATERIAS PRIMAS PARA LA INDUSTRIA'),
('MATERIAS PRIMAS Y ENVASES INDUSTRIALES'),
('MATRONAS'),
('MAYORISTA DE BEBIDAS Y REFRESCOS.'),
('MAYORISTA DE FRUTAS Y VERDURAS  '),
('MAYORISTA DE HIERROS Y ACEROS.'),
('MAYORISTA DE MATERIAL DE FONTANERIA, CALEFACCION Y GAS.'),
('MAYORISTA DE PRODUCTOS QUIMICOS'),
('MAYORISTA DE TORNILLERIA '),
('MAYORISTAS DE FRUTAS'),
('MECANIZADO DE METALES'),
('MECANIZADO DE PIEZAS'),
('MECANIZADO DE PIEZAS FORJA Y ESTAMPACION '),
('MECANIZADOS'),
('MECANIZADOS DE PRECISION'),
('MEDIACION, ARBITRAJE Y CONCILIACION'),
('MEDIAS Y CALCETINES: ESTABLECIMIENTOS'),
('MEDICO ESPECIALISTA EN CIRUGIA PLASTICA ESTETICA Y REPARADORA'),
('MEDICOS'),
('MEDICOS ACUPUNTURA'),
('MEDICOS ESPECIALISAS EN CARDIOLOGIA'),
('MEDICOS ESPECIALISAS EN CIRUGIA'),
('MEDICOS ESPECIALISAS EN ENDOCRINOLOGIA'),
('MEDICOS ESPECIALISAS EN OTORRINOLARINGOLOGIA'),
('MEDICOS ESPECIALISTAS'),
('MEDICOS ESPECIALISTAS ANALISIS CLINICOS'),
('MEDICOS ESPECIALISTAS CARDIOLOGIA'),
('MEDICOS ESPECIALISTAS CIRUGIA GENERAL Y DEL APARATO DIGESTIVO'),
('MEDICOS ESPECIALISTAS CIRUGIA PLASTICA ESTETICA Y REPARADORA'),
('MEDICOS ESPECIALISTAS DERMATOLOGIA MEDICO-QUIRURGICA Y VENEREOLOGIA'),
('MEDICOS ESPECIALISTAS ESTOMATOLOGIA'),
('MEDICOS ESPECIALISTAS MEDICINA NUCLEAR'),
('MEDICOS ESPECIALISTAS OBSTETRICIA Y GINECOLOGIA'),
('MEDICOS ESPECIALISTAS OFTALMOLOGIA'),
('MEDICOS ESPECIALISTAS OTORRINOLARINGOLOGIA'),
('MEDICOS ESPECIALISTAS PEDIATRIA Y SUS AREAS ESPECIFICAS'),
('MEDICOS ESPECIALISTAS PSIQUIATRIA'),
('MEDICOS ESPECIALISTAS: ALERGOLOGIA'),
('MEDICOS ESPECIALISTAS: APARATO DIGESTIVO'),
('MEDICOS ESPECIALISTAS: CIRUGIA CARDIOVASCULAR'),
('MEDICOS ESPECIALISTAS: CIRUGIA ORAL Y MAXILOFACIAL'),
('MEDICOS ESPECIALISTAS: DERMATOLOGIA MEDICO-QUIRURGICA VENEREOLOGIA'),
('MEDICOS ESPECIALISTAS: ENDOCRINOLOGIA Y NUTRICION'),
('MEDICOS ESPECIALISTAS: ESTOMATOLOGIA'),
('MEDICOS ESPECIALISTAS: NEUROLOGIA'),
('MEDICOS ESPECIALISTAS: OFTALMOLOGIA'),
('MEDICOS ESPECIALISTAS: OTORRINOLARINGOLOGIA'),
('MEDICOS ESPECIALISTAS: PEDIATRIA'),
('MEDICOS ESPECIALISTAS: PSIQUIATRIA'),
('MEDICOS ESPECIALISTAS: REUMATOLOGIA'),
('MEDICOS HOMEOPATIA'),
('MEDICOS MEDICINA GENERAL'),
('MEDICOS NATURISTAS'),
('MEDICOS NEUROPSIQUIATRIA'),
('MEDICOS OSTEOPATIA'),
('MEDICOS: CIRUGIA PLASTICA, RECONSTRUCTIVA Y ESTETICA'),
('MEDICOS: GINECOLOGIA MEDICA, OBSTETRICIA'),
('MEDICOS: HOMEOPATIA'),
('MEDICOS: MEDICINA ESTETICA'),
('MEDICOS: OSTEOPATIA'),
('MEDIO AMBIENTE: CONSULTORIAS'),
('MEDIO AMBIENTE: ORGANISMOS OFICIALES'),
('MEDIOS AUDIOVISUALES'),
('MENAJE DE COCINA Y MESA: ESTABLECIMIENTOS'),
('MENAJE DE COCINA Y MESA: FABRICACION'),
('MENAJE DE COCINA Y MESA: FABRICANTES Y MAYORISTAS'),
('MENAJE DE COCINA: MAYORISTAS'),
('MENAJE PARA HOSTELERIA'),
('MENSAJERIA'),
('MENSAJERIA Y PAQUETERIA'),
('MENSAJERIAS'),
('MERCERIAS'),
('MERCERIAS: ESTABLECIMIENTOS'),
('METALES'),
('METALES Y PLASTICOS'),
('METALES: ALMACENES'),
('METALES: ESTAMPACION'),
('METALES: EXPORTACION'),
('METALES: MANUFACTURAS'),
('METALES: TRATAMIENTOS'),
('METALISTERIAS'),
('METALURGIA'),
('METALURGIA: MAQUINAS Y EQUIPOS'),
('METALURGICA'),
('MINERALES'),
('MINI ALMACENES (SELF STORAGE)'),
('MINI ALMACENES. TRASTEROS'),
('MOBILIARIO DE LABORATORIO.'),
('MOBILIARIO DE OFICINA'),
('MOBILIARIO URBANO'),
('MOBILIARIO URBANO Y SEÑALIZACION'),
('MOBILIARIO Y DECORACION: ESTABLECIMIENTOS'),
('MODA: SHOWROOM'),
('MODA: TIENDAS DE COMPLEMENTOS'),
('MODELISMO'),
('MODELOS PARA LA FUNDICION'),
('MODELOS: AGENCIAS'),
('MODISTAS'),
('MODISTOS'),
('MOLDES Y MATRICES'),
('MOLDES Y MATRICES PLASTICOS'),
('MOLDURAS, JUNQUILLOS, LISTONES Y MOLDURAS PERFORADAS'),
('MONTAJE Y MANTENIMIENTO DE PLANTAS INDUSTRIALES'),
('MONTAJES INDUSTRIALES'),
('MOQUETAS: VENTA E INSTALACION'),
('MORTEROS'),
('MOTOCICLETAS'),
('MOTOCICLETAS COMPLEMENTOS Y VEHICULOS SIN CARNE: ESTABLECIMIENTOS'),
('MOTOCICLETAS: ALQUILER'),
('MOTOCICLETAS: CONCESIONARIOS Y AGENCIAS'),
('MOTOCICLETAS: ESTABLECIMIENTOS'),
('MOTOCICLETAS: RECAMBIOS Y ACCESORIOS'),
('MOTONAUTICA'),
('MOTORES DIESEL Y GASOLINA'),
('MOTORES ELECTRICOS'),
('MOTORES: PIEZAS Y COMPONENTES'),
('MOTORES: REPARACION'),
('MUDANZAS'),
('MUDANZAS Y GUARDAMUEBLES'),
('MUDANZAS Y TRANSPORTES'),
('MUEBLES'),
('MUEBLES CLINICOS Y DE LABORATORIO: FABRICANTES Y MAYORISTAS'),
('MUEBLES DE BAÑO: ESTABLECIMIENTOS'),
('MUEBLES DE COCINA Y BAÑO'),
('MUEBLES DE COCINA Y BAÑO: ESTABLECIMIENTOS'),
('MUEBLES DE COCINA Y BAÑO: FABRICANTES Y MAYORISTAS'),
('MUEBLES DE COCINA: ESTABLECIMIENTOS'),
('MUEBLES DE COCINA: FABRICACION'),
('MUEBLES DE MADERA: FABRICANTES Y MAYORISTAS'),
('MUEBLES DE OFICINA: ESTABLECIMIENTOS'),
('MUEBLES DE TERRAZA Y JARDIN: ESTABLECIMIENTOS'),
('MUEBLES JUVENILES E INFANTILES'),
('MUEBLES Y ACCESORIOS PARA COCINAS Y BAÑOS'),
('MUEBLES Y DECORACION'),
('MUEBLES. SOFAS'),
('MUEBLES: ALMACENES'),
('MUEBLES: DISTRIBUCION'),
('MUEBLES: ESTABLECIMIENTOS'),
('MUEBLES: FABRICACION'),
('MUEBLES: FABRICANTES Y MAYORISTAS'),
('MUEBLES: RESTAURACION'),
('MUELLES Y RESORTES'),
('MUELLES: FABRICACION'),
('MULTISERVICIOS: EMPRESAS'),
('MUNICIONES: FABRICACION'),
('MUSEOS'),
('MUSICA IMPRESA: EDITORIALES'),
('MUSICA Y DANZA: ESCUELAS'),
('MUSICA: LOCALES DE ENSAYO'),
('MUSICA: PRODUCCION'),
('MUSICOS'),
('MUTUA DE SEGUROS'),
('MUTUALIDADES DE PREVISION SOCIAL'),
('NATUROPATAS'),
('NATUROPATIA'),
('NAUTICA'),
('NAUTICA: EMBARCACIONES Y EQUIPAMIENTO'),
('NAVES INDUSTRIALES: VENTA Y ALQUILER'),
('NAVES Y LOCALES: VENTA Y ALQUILER'),
('NEUMATICOS AUTOMOCION'),
('NEUMATICOS: VENTA Y REPARACION'),
('NOTARIAS'),
('NUMISMATICA'),
('NUTRICION Y DIETETICA'),
('OBRAS Y REFORMAS'),
('OBRAS Y REFORMAS DE FACHADA'),
('OCIO Y CULTURA'),
('OCIO Y TIEMPO LIBRE: CURSOS'),
('OFICINA MATERIALES: SUMINISTROS'),
('OFICINAS DE INFORMACION JUVENIL'),
('OFICINAS DE TURISMO'),
('OFICINAS MUNICIPALES DE INFORMACION AL CONSUMIDOR'),
('OFICINAS: VENTA Y ALQUILER'),
('OFIMATICA MAQUINAS Y EQUIPOS: REPARACION'),
('OPTICA INSTRUMENTOS: FABRICACION'),
('OPTICAS'),
('OPTICOS OPTOMETRISTAS'),
('ORDENACION DEL TERRITORIO Y URBANISMO: ASESORIAS'),
('ORGANISMO OFICIAL'),
('ORGANISMOS DE CONTROL'),
('ORGANISMOS DE DESARROLLO'),
('ORGANIZACION DE EMPRESAS'),
('ORGANIZACION DE ESPECTACULOS'),
('ORGANIZACION DE EVENTOS'),
('ORGANIZACION DE FERIAS CONGRESOS Y FESTIVALES'),
('ORGANIZACION DE FIESTAS'),
('ORGANIZACION DE FIESTAS Y ANIMACIONES'),
('ORGANIZACIONES NO GUBERNAMENTALES'),
('ORO PLATA Y JOYAS: COMPRA VENTA'),
('ORO Y PLATA: COMPRA-VENTA'),
('ORO: COMPRA VENTA'),
('ORQUESTAS SINFONICAS DE ACORDEONES'),
('ORTOPEDIA'),
('ORTOPEDIA Y AYUDAS TECNICAS'),
('ORTOPEDIA Y AYUDAS TECNICAS: ESTABLECIMIENTOS'),
('ORTOPEDIA: SUMINISTROS'),
('ORTOPEDIAS'),
('OSTEOPATAS'),
('OSTEOPATIA'),
('OXICORTES'),
('OZONO: TRATAMIENTOS'),
('PAINTBALL'),
('PAJARERIAS. ANIMALES'),
('PALACIOS DE EXPOSICIONES Y CONGRESOS'),
('PALETS: FABRICANTES Y MAYORISTAS'),
('PANADERIAS'),
('PANELES AISLANTES: FABRICACION'),
('PANIFICADORAS'),
('PANTALLAS Y TULIPAS PARA LAMPARAS'),
('PAPEL PINTADO'),
('PAPEL PINTADO: ESTABLECIMIENTOS'),
('PAPEL Y CARTON: RECUPERACION Y RECICLAJE'),
('PAPEL: ALMACENES'),
('PAPEL: FABRICANTES'),
('PAPEL: MANIPULADOS'),
('PAPEL: RECICLAJE'),
('PAPELERIA'),
('PAPELERIA ARTICULOS: FABRICACION'),
('PAPELERIA TECNICA: ESTABLECIMIENTOS'),
('PAPELERIA: ESTABLECIMIENTOS'),
('PAPELERIA: SUMINISTROS'),
('PAPELERIAS: ESTABLECIMIENTOS'),
('PARAFARMACIAS'),
('PARARRAYOS'),
('PARQUE TEMATICO'),
('PARQUES INFANTILES JUEGOS Y EQUIPAMIENTO: FABRICACION'),
('PARQUES INFANTILES: CENTROS'),
('PARQUES TARIMAS Y SUELOS DE MADERA: ESTABLECIMIENTOS'),
('PARQUETS Y REVESTIMIENTOS DE SUELOS'),
('PARQUETS: VENTA E INSTALACION'),
('PASEOS EN BARCO'),
('PASTELERIAS'),
('PASTELERIAS Y CONFITERIAS'),
('PATCHWORK: TALLERES'),
('PATENTES Y MARCAS'),
('PATENTES Y MARCAS: AGENCIAS'),
('PAVIMENTO DE HORMIGON'),
('PAVIMENTOS'),
('PAVIMENTOS DE CORCHO: SUMINISTROS E INSTALACIONES'),
('PAVIMENTOS DE GOMA: SUMINISTROS E INSTALACIONES'),
('PAVIMENTOS DE HORMIGON'),
('PAVIMENTOS INDUSTRIALES'),
('PAVONADOS'),
('PEDICURA'),
('PEIDRAS NATURALES'),
('PELETERIAS'),
('PELUCAS'),
('PELUQUERIA: SUMINISTROS'),
('PELUQUERIAS'),
('PELUQUERIAS CANINAS'),
('PELUQUERIAS CANINAS Y FELINAS'),
('PELUQUERIAS DE CABALLEROS'),
('PELUQUERIAS DE SEÑORAS'),
('PELUQUERIAS PELUQUERIA MIXTA'),
('PELUQUERIAS UNISEX'),
('PENSION'),
('PENSION DE 1 ESTRELLA'),
('PENSIONES'),
('PERFILES'),
('PERFILES CONFORMADOS EN FRIO. PERFILES ESPECIALES. VARILLAS DE CIERRE.'),
('PERFUMERIA: ESTABLECIMIENTOS'),
('PERFUMERIAS'),
('PERFUMES: FABRICACION'),
('PERGOLAS VERANDAS Y CENADORES'),
('PERIODICOS'),
('PERIODICOS Y REVISTAS: DISTRIBUCION'),
('PERIODISTAS'),
('PERITACIONES'),
('PERITACIONES Y TASACIONES'),
('PERITAJE DE SEGUROS'),
('PERITOS CALIGRAFOS'),
('PERITOS TASADORES'),
('PERROS: ADIESTRAMIENTO'),
('PERSIANAS'),
('PERSIANAS: FABRICACION E INSTALACION'),
('PERSIANAS: FABRICACION, INSTALACION Y REPARACION'),
('PERSIANAS: INSTALACION Y REPARACION'),
('PESCA ARTICULOS: ESTABLECIMIENTOS'),
('PESCADERIAS'),
('PESCADO CONGELADO: FABRICANTES Y MAYORISTAS'),
('PESCADOS'),
('PESCADOS: MAYORISTAS'),
('PICADEROS'),
('PIEDRA ARTIFICIAL'),
('PIEDRA NATURAL'),
('PIEDRA NATURAL Y ARTIFICIAL'),
('PIEDRAS PRECIOSAS Y SEMIPRECIOSAS: MAYORISTAS'),
('PIELES Y CUERO CURTIDOS: MAYORISTAS'),
('PIENSOS PARA ANIMALES: SERVICIO A DOMICILIO'),
('PIENSOS: FABRICANTES Y MAYORISTAS'),
('PILAS ELECTRICAS'),
('PILAS Y ACUMULADORES: ESTABLECIMIENTOS ESPECIALIZADOS'),
('PILATES METODO: CENTROS'),
('PILOTOS DE VUELO: ESCUELAS'),
('PINTORES'),
('PINTORES DECORADORES ESPACIOS INFANTILES'),
('PINTORES: APLICACIONES INDUSTRIALES'),
('PINTORES: ARTISTAS PLASTICOS'),
('PINTURAS'),
('PINTURAS Y BARNICES'),
('PINTURAS Y BARNICES: ESTABLECIMIENTOS'),
('PINTURAS Y BARNICES: FABRICANTES'),
('PINTURAS Y BARNICES: FABRICANTES Y MAYORISTAS'),
('PINTURAS Y DECORACION'),
('PINTURAS: FABRICACION'),
('PISCINAS: CONSTRUCCION Y MANTENIMIENTO'),
('PISCINAS: EQUIPOS Y PRODUCTOS'),
('PLANCHADORAS'),
('PLANIFICACION FAMILIAR'),
('PLASTICO ARTICULOS: ESTABLECIMIENTOS'),
('PLASTICO ARTICULOS: FABRICANTES Y MAYORISTAS'),
('PLASTICO ARTICULOS: FABRICANTES Y MINORISTAS'),
('PLASTICO ARTICULOS: MAYORISTAS'),
('PLASTICO PARA LA INDUSTRIA'),
('PLASTICO: MATRICES Y MOLDES'),
('PLASTICO: MOLDEO'),
('PLASTICO: MOLDEO POR INYECCION'),
('PLASTICOS'),
('PLASTICOS: FABRICACION'),
('PLASTIFICADORAS'),
('PLATAFORMAS ELEVADORAS MOVILES DE PERSONAL: ALQUILER'),
('PLATAFORMAS ELEVADORAS: ALQUILER'),
('PLATAFORMAS ELEVADORAS: INSTALACION Y REPARACION'),
('PODOLOGIA'),
('POLIDEPORTIVOS'),
('POLIESTER Y POLIURETANO ARTICULOS: FABRICANTES Y MAYORISTAS'),
('PORTALES DE INTERNET'),
('PORTEROS AUTOMATICOS'),
('PREFABRICADOS DE HORMIGON'),
('PREIMPRESION Y FOTOGRABADO PARA LA INDUSTRIA GRAFICA.'),
('PRENSA, RADIO Y TELEVISION: AGENCIAS'),
('PRESENTACIONES Y CATALOGOS DE EMPRESA, CD-ROMS INTERACTIVOS, ETC.'),
('PREVENCION DE RIESGOS LABORALES'),
('PREVENCION DE RIESGOS LABORALES: CONSULTORIAS'),
('PREVENCION DE RIESGOS LABORALES: CURSOS'),
('PROCURADORES'),
('PRODUCCION DE PIEZAS PARA AUTOMOCION Y CORONAS DE ARRANQUE.'),
('PRODUCCION Y COMERCIALIZACION DE ENERGIA ELECTRICA. ANTIGUA IBERDUERO.'),
('PRODUCCIONES AUDIOVISUALES'),
('PRODUCE TROQUELES PARA EL SECTOR DEL AUTOMOVIL.'),
('PRODUCTO QUIMICO PARA LA INDUSTRIA'),
('PRODUCTORA DE TELEVISION Y VIDEO'),
('PRODUCTOS ALIMENTICIOS'),
('PRODUCTOS COSMETICOS'),
('PRODUCTOS LACTEOS: FABRICANTES Y MAYORISTAS'),
('PRODUCTOS PLASTICOS '),
('PRODUCTOS QUIMICOS'),
('PROMOCIONES INMOBILIARIAS'),
('PROMOTORES CONSTRUCTORES'),
('PROTECCION CONTRA INCENDIOS: INSTALACIONES Y MANTENIMIENTO'),
('PROTECCION DEL MEDIO AMBIENTE MAQUINAS Y EQUIPOS: FABRICACION'),
('PROTECCION EN EL TRABAJO: MATERIALES'),
('PROTESICOS DENTALES'),
('PROTESIS OCULARES: FABRICACION'),
('PROYECTOS DE INGENIERIA'),
('PROYECTOS DE INGENIERIA TECNICA'),
('PSICOANALISTAS'),
('PSICOLOGIA'),
('PSICOLOGIA Y SEXOLOGIA'),
('PSICOLOGOS'),
('PSICOLOGOS ESPECIALISTAS PSICOLOGIA CLINICA'),
('PSICOLOGOS ESPECIALISTAS PSICOLOGIA ESCOLAR O PSICOPEDAGOGIA'),
('PSICOMOTRICIDAD'),
('PSICOTERAPEUTAS'),
('PUBLICIDAD'),
('PUBLICIDAD DIRECTA: AGENCIAS'),
('PUBLICIDAD INTERACTIVA: AGENCIAS'),
('PUBLICIDAD Y COMUNICACION: PRODUCCION'),
('PUBLICIDAD: AGENCIAS'),
('PUBLICIDAD: CENTRALES DE MEDIOS'),
('PUBLICIDAD: RECLAMOS'),
('PUBS'),
('PUBS IRLANDESES'),
('PUERTAS'),
('PUERTAS AUTOMATICAS'),
('PUERTAS BLINDADAS Y ACORAZADAS'),
('PUERTAS DE MADERA'),
('PUERTAS METALICAS'),
('PUERTAS Y VENTANAS: ESTABLECIMIENTOS'),
('PUERTAS: FABRICACION E INSTALACION'),
('PULIMENTACION'),
('PULIMENTOS'),
('QUEMADORES'),
('QUESOS: FABRICANTES Y MAYORISTAS'),
('QUIMICA INDUSTRIAL PRODUCTOS: FABRICACION'),
('QUIOSCOS DE PRENSA'),
('QUIROMASAJISTAS'),
('QUIROPRACTICOS'),
('RADIADORES PARA AUTOMOCION'),
('RADIADORES PARA VEHICULOS: VENTA Y REPARACION'),
('RADIO: EMISORAS'),
('RADIOCOMUNICACION: EQUIPOS'),
('RECAMBIOS PARA VEHICULOS INDUSTRIALES'),
('RECAMBIOS Y ACCESORIOS DE AUTOMOVILES'),
('RECAMBIOS Y DE ACCESORIOS DE VEHICULOS'),
('RECAUDACIONES'),
('RECICLADOS'),
('RECICLAJE DE MATERIAS PLASTICAS'),
('RECICLAJE DE RESIDUOS'),
('RECOGIDA DE ENSERES'),
('RECONOCIMIENTOS MEDICOS: PERMISO CONDUCIR Y ARMAS'),
('RECTIFICACION, MECANIZADO, FRESADO'),
('RECTIFICADO DE MOTORES'),
('RECUBRIMIENTOS ELECTROLITICOS'),
('RECUBRIMIENTOS METALICOS'),
('RECUBRIMIENTOS PLASTICOS'),
('RECUPERACION DE METALES '),
('RECUPERACION DE METALES.'),
('RECUPERACION FUNCIONAL Y FISIOTERAPIA: CENTROS'),
('RECURSOS HUMANOS: CONSULTORIAS'),
('REDES DE TELECOMUNICACION: INSTALACION Y MANTENIMIENTO'),
('REFINERIA DE PETROLEOS'),
('REFLEXOLOGIA: TERAPEUTAS'),
('REFORMAS EN GENERAL'),
('REFRACTARIOS'),
('REFRACTARIOS: MATERIALES'),
('REFRIGERACION INDUSTRIAL'),
('REGALOS DE EMPRESA Y ARTICULOS PUBLICITARIOS'),
('REGALOS EMPRESA. PUBLICIDAD.'),
('REGALOS PUBLICITARIOS'),
('REGALOS PUBLICITARIOS PROMOCIONALES'),
('REGALOS: ESTABLECIMIENTOS'),
('REGALOS: FABRICANTES Y MAYORISTAS'),
('REGALOS: MAYORISTAS'),
('REGISTROS DE LA PROPIEDAD'),
('REHABILITACION DE EDIFICIOS'),
('REHABILITACION Y RESTAURACION DE EDIFICIOS'),
('RELACIONES PUBLICAS: AGENCIAS'),
('RELOJERIA INDUSTRIAL'),
('RELOJERIA: TALLERES'),
('RELOJERIAS'),
('RELOJES DE TIPO INDUSTRIAL: MARINOS INDUSTRIALES DE CONTROL, JUEGOS (BILLAR, AJEDREZ, PING-PONG), CA'),
('REMACHES'),
('REMOLQUES Y CARRETILLAS'),
('REMOLQUES Y ENGANCHES'),
('REPARACION DE FONTANERIA'),
('REPARACION DE MAQUINARIA'),
('REPRESENTACIONES ARTISTICAS'),
('REPRESENTANTES COMERCIALES'),
('REPRODUCCION DE PLANOS Y FOTOCOPIAS.'),
('REPROGRAFIA'),
('RESIDENCIAS DE ANCIANOS'),
('RESIDENCIAS DE ESTUDIANTES'),
('RESIDENCIAS GERIATRICAS'),
('RESIDENCIAS PARA PERSONAS MAYORES'),
('RESIDENCIAS PRIVADAS PARA PERSONAS MAYORES'),
('RESIDUOS INDUSTRIALES: TRATAMIENTOS'),
('RESISTENCIAS ELECTRICAS: FABRICACION'),
('RESTAURACION DE MUEBLES'),
('RESTAURACION DE OBRAS DE ARTE Y ANTIGUEDADES'),
('RESTAURADORES'),
('RESTAURANTES'),
('RESTAURANTES. ASADORES'),
('RESTAURANTES. COCINA CREATIVA'),
('RESTAURANTES. COCINA ITALIANA'),
('RESTAURANTES. COCINA VASCA'),
('RESTAURANTES. HAMBURGUESERIA'),
('RESTAURANTES. MARISQUERIAS'),
('RESTAURANTES. SALONES DE BODA Y CELEBRACIONES'),
('RESTAURANTES: COCINA RAPIDA'),
('RESTAURANTES: PIZZERIAS'),
('RESTAURANTES: SALONES PARA CELEBRACIONES'),
('RETENES'),
('REVESTIMIENTOS DE PAREDES'),
('REVISTAS'),
('RODAMIENTOS'),
('ROPA DE BEBE Y PREMAMA: ESTABLECIMIENTOS'),
('ROPA DE CABALLERO: ESTABLECIMIENTOS'),
('ROPA DE DEPORTE: FABRICANTES Y MAYORISTAS'),
('ROPA DE SEGUNDA MANO'),
('ROPA DE SEÑORA CABALLERO Y NIÑO: ESTABLECIMIENTOS'),
('ROPA DE SEÑORA Y CABALLERO: DISTRIBUCION'),
('ROPA DE SEÑORA: DISTRIBUCION'),
('ROPA DE SEÑORA: ESTABLECIMIENTOS'),
('ROPA DE SEÑORA: FABRICACION'),
('ROPA DE TRABAJO Y PROFESIONALES (FABRICACION, AL POR MAYOR)'),
('ROPA DIVERSA: DISTRIBUCION'),
('ROPA DIVERSA: MAYORISTAS'),
('ROPA INFANTIL: DISTRIBUCION'),
('ROPA INFANTIL: ESTABLECIMIENTOS'),
('ROPA INTERIOR (LENCERIA): MAYORISTAS'),
('ROPA INTERIOR DE HOMBRE (LENCERIA): ESTABLECIMIENTOS'),
('ROPA INTERIOR DE MUJER (LENCERIA): ESTABLECIMIENTOS'),
('ROPA JUVENIL: ESTABLECIMIENTOS'),
('ROPA PARA DEPORTE: DISTRIBUCION'),
('ROPA PARA EL HOGAR (LENCERIA): ESTABLECIMIENTOS'),
('ROPA PARA SEÑORA Y CABALLERO: ESTABLECIMIENTOS'),
('ROPA PARA SEÑORAS '),
('ROPA PARA TRABAJO Y DE SEGURIDAD: ESTABLECIMIENTOS'),
('ROPA PARA TRABAJO Y DE SEGURIDAD: FABRICANTES Y MAYORISTAS'),
('ROPA Y ARTICULOS PARA PREMAMA Y BEBES: ESTABLECIMIENTOS'),
('ROPA: IMPORTACION'),
('ROPA: VENTA AL MAYOR'),
('ROTULACIONES'),
('ROTULACIONES Y SEÑALIZACIONES'),
('ROTULOS'),
('ROTULOS LUMINOSOS'),
('RUEDAS'),
('SALAS DE DESPIECE'),
('SALONES RECREATIVOS'),
('SALUD MENTAL Y PSIQUIATRIA: CENTROS SANITARIOS'),
('SANATORIOS MEDICOS'),
('SANEAMIENTO: MATERIALES E INSTALACIONES'),
('SANEAMIENTOS'),
('SANEAMIENTOS Y ACCESORIOS'),
('SASTRERIAS'),
('SASTRERIAS TEXTILES'),
('SAUNAS Y SPAS BELLEZA'),
('SAUNAS: INSTALACION Y REPARACION'),
('SECRETARIADO: SERVICIOS'),
('SECRETARIAS VIRTUALES'),
('SEGUNDA MANO: PRODUCTOS'),
('SEGURIDAD EN EL TRABAJO'),
('SEGURIDAD EN LA MAQUINARIA: INSTALACIONES'),
('SEGURIDAD INFANTIL Y PUERICULTURA'),
('SEGURIDAD Y VIGILANCIA: EMPRESAS'),
('SEGURIDAD: INSTALACION Y MANTENIMIENTO DE SISTEMAS'),
('SEGURIDAD: MATERIALES Y SISTEMAS'),
('SEGUROS'),
('SEGUROS DE ACCIDENTES DE TRABAJO Y ENFERMEDAD'),
('SEGUROS MEDICOS'),
('SEGUROS: AGENTES'),
('SEGUROS: COMPAÑIAS'),
('SEGUROS: CORREDURIA'),
('SEGUROS: CORREDURIAS'),
('SEGUROS: ENTIDADES'),
('SELECCION DE PERSONAL'),
('SELLOS DE CAUCHO: FABRICACION'),
('SEMILLAS Y BULBOS'),
('SEÑALES INDICADORAS'),
('SEÑALIZACION ELECTRICA Y ELECTRONICA'),
('SEÑALIZACIONES'),
('SERIGRAFIA'),
('SERVICIO DOMESTICO'),
('SERVICIO INFORMATICO'),
('SERVICIOS A EMPRESAS'),
('SERVICIOS AGRICOLAS Y FORESTALES'),
('SERVICIOS DE ATENCION TELEFONICA'),
('SERVICIOS DE JARDINERIA'),
('SERVICIOS DOMESTICOS'),
('SERVICIOS DOMESTICOS Y ASISTENCIALES'),
('SERVICIOS EMPRESARIALES'),
('SERVICIOS FORESTALES'),
('SERVICIOS INFORMATICOS'),
('SERVICIOS MARITIMOS Y PORTUARIOS'),
('SERVICIOS MEDIOAMBIENTALES'),
('SERVICIOS PARA EMPRESAS'),
('SERVICIOS SOCIOCULTURALES'),
('SEX SHOPS'),
('SEX-SHOPS'),
('SEXOLOGOS'),
('SIDERURGIA'),
('SIDRERIAS'),
('SIERRAS'),
('SILLAS DE RUEDAS: FABRICACION'),
('SILLAS: ALQUILER'),
('SISTEMAS DE PRODUCCION DE CONJUNTOS DE CARROCERIA ESPECIALMENTE PARA VEHICULOS.'),
('SISTEMAS DE SEGURIDAD'),
('SOFAS: ESTABLECIMIENTOS'),
('SOLARIUMS: EQUIPOS'),
('SOLDADURA: TALLERES'),
('SOLDADURAS'),
('SOMBREROS Y GORRAS'),
('SONDEOS Y PERFORACIONES'),
('SONDEOS Y PERFORACIONES: TRABAJOS'),
('SONIDO E ILUMINACION'),
('SONIDO PROFESIONAL EQUIPOS: FABRICACION'),
('SONIDO PROFESIONAL EQUIPOS: VENTA'),
('SONIDO PROFESIONAL: ALQUILER DE EQUIPOS'),
('SONIDO TV Y VIDEO: ALQUILER'),
('SONIDO TV Y VIDEO: ESTABLECIMIENTOS'),
('SONIDO TV Y VIDEO: REPARACION'),
('SONIDO: ALQUILER DE EQUIPOS'),
('SONIDO: ESTUDIOS DE GRABACION'),
('SONORIZACION'),
('SONORIZACION E ILUMINACION'),
('SOPORTES LOGICOS, PROGRAMAS INTEGRADORES DE APLICACIONES'),
('SPAS: CENTROS (BALNEARIOS URBANOS)'),
('STANDS: ALQUILER E INSTALACION'),
('STANDS: DISEÑO E INSTALACION'),
('SUBASTAS'),
('SUBMARINISMO'),
('SUELOS Y PAVIMENTOS: TRATAMIENTOS'),
('SUMINISTRO DE HOSTELERIA '),
('SUMINISTROS DE HOSTELERIA'),
('SUMINISTROS INDUSTRIALES'),
('SUMINISTROS SANITARIOS'),
('SUMINISTROS Y MATERIALES INDUSTRIALES'),
('SUPERMERCADOS'),
('SUPERMERCADOS E HIPERMERCADOS'),
('SUPERMERCADOS: PEQUEÑAS SUPERFICIES'),
('SURF ROPA Y EQUIPOS: ESTABLECIMIENTOS'),
('SURF: ESCUELAS'),
('TABLAS DE SURF Y ACCESORIOS: FABRICACION'),
('TABLEROS CHAPADOS Y CONTRACHAPADOS: FABRICACION'),
('TACOGRAFOS'),
('TAI CHI'),
('TALLER DE CARROCERIAS'),
('TALLER DE CHAPA Y PINTURA DE AUTOMOVILES'),
('TALLER DE CHAPA Y PINTURA DE VEHICULOS'),
('TALLER DE JOYERIA'),
('TALLER DE REPARACION DE VEHICULOS'),
('TALLER DE TROQUELERIA PARA EMPRESAS DE ESTAMPACION '),
('TALLER MECANICO'),
('TALLER MECANICO DE AUTOMOVILES'),
('TALLERES DE CARROCERIA'),
('TALLERES DE CARROCERIA DE VEHICULOS'),
('TALLERES ELECTRICOS PARA VEHICULOS'),
('TALLERES MECANICOS PARA AUTOMOVILES'),
('TALLERES MECANICOS PARA VEHICULOS'),
('TALLERES MECANICOS PARA VEHICULOS INDUSTRIALES'),
('TALLERES NAVALES'),
('TALLERES PARA AUTOMOVILES: SERVICIO INTEGRAL'),
('TALLERES PARA MOTOCICLETAS'),
('TALLERES Y CENTROS OCUPACIONALES'),
('TALLISTAS DE MADERA'),
('TAPICERIAS'),
('TAPICERIAS Y TAPICEROS'),
('TAQUILLASCONSIGNAS Y ROPEROS'),
('TARJETAS PLASTICAS: FABRICACION'),
('TASACIONES'),
('TASACIONES INMOBILIARIAS'),
('TASADORES'),
('TATUAJES BELLEZA'),
('TATUAJES Y PIERCING'),
('TAXIS'),
('TAXIS: SERVICIOS Y PARADAS'),
('TE: IMPORTACION'),
('TEATRO: COMPAÑIAS'),
('TEATRO: PRODUCTORAS'),
('TEATROS Y SALAS DE ESPECTACULOS'),
('TEATROS: SALAS'),
('TECHOS: MATERIALES E INSTALACIONES'),
('TECNOLOGIA DEL CONFORMADO DE METALES EN FRIO'),
('TEJIDOS'),
('TEJIDOS METALICOS: FABRICANTES Y MAYORISTAS'),
('TEJIDOS PARA USOS INDUSTRIALES'),
('TEJIDOS: ESTABLECIMIENTOS'),
('TEJIDOS: FABRICANTES Y MAYORISTAS'),
('TELECOMUNICACION: EQUIPOS'),
('TELECOMUNICACION: INGENIERIA'),
('TELECOMUNICACION: SERVICIOS'),
('TELECOMUNICACIONES'),
('TELEFONIA'),
('TELEFONIA MOVIL'),
('TELEFONIA Y COMUNICACION, SERVICIOS EQUIPOS Y SISTEMAS: TIENDAS'),
('TELEFONIA: EQUIPOS'),
('TELEFONIA: INSTALACIONES'),
('TELEMARKETING'),
('TELEVISION VIDEO HI-FI: REPARACION'),
('TELEVISION VIDEO Y CINE: SERVICIOS DE PRODUCCION'),
('TELEVISION Y VIDEO: ASISTENCIA TECNICA'),
('TELEVISION Y VIDEO: EQUIPOS Y MATERIALES'),
('TELEVISION Y VIDEO: PRODUCTORAS'),
('TENDEDEROS'),
('TERAPIA MUSICAL'),
('TERMOFORMACION DE PLASTICOS MAQUINAS: FABRICACION'),
('TERMOMETROS'),
('TEXTILES PARA DECORACION HOGAR'),
('TIENDA DE ARTICULOS DE PESCA'),
('TIENDAS DE ANIMALES'),
('TIENDAS DE ANIMALES DE COMPAÑIA'),
('TIENDAS DE DANZA'),
('TIENDAS DE NOVIA'),
('TIENDAS DE ROPA'),
('TIENDAS DE ROPA DE SEÑORA'),
('TIENDAS DE ROPA DE SEÑORA Y CABALLERO'),
('TIENDAS DE ROPA DE TRABAJO'),
('TIENDAS DE ROPA INFANTIL'),
('TIENDAS DE ROPA PARA CABALLERO'),
('TIENDAS DE ROPA Y TRAJES REGIONALES'),
('TIENDAS DE VINO Y BEBIDAS ALCOHOLICAS'),
('TIENDAS ESPECIALIZADAS'),
('TINTORERIAS'),
('TINTORERIAS DOMESTICAS'),
('TINTORERIAS Y LAVANDERIAS'),
('TOLDOS'),
('TOLDOS Y PERGOLAS'),
('TOLDOS: FABRICACION E INSTALACION'),
('TOPOGRAFIA'),
('TOPOGRAFIA: EMPRESAS'),
('TORNEROS MECANICOS'),
('TORNILLERIA'),
('TORNILLERIA MUELLES Y RESORTES '),
('TORNILLERIAS METALICAS'),
('TORRES DE REFRIGERACION'),
('TRABAJO TEMPORAL: EMPRESAS'),
('TRABAJOS DE PINTURA, ESCAYOLA, EMPAPELADO Y DECORACION.'),
('TRABAJOS EN ALTURA Y VERTICALES'),
('TRABAJOS SUBACUATICOS'),
('TRABAJOS VERTICALES'),
('TRADUCCION E INTERPRETACION'),
('TRADUCCION E INTERPRETACION JURADA'),
('TRADUCCIONES'),
('TRADUCTORES E INTERPRETES'),
('TRAJES DE BODA Y COMPLEMENTOS'),
('TRAJES DE COMUNION: FABRICACION'),
('TRAJES DE ETIQUETA: ESTABLECIMIENTOS'),
('TRAJES DE NOVIA: FABRICACION'),
('TRAJES REGIONALES'),
('TRANFORMACION Y VENTA DE PRODUCTOS DE COBRE.'),
('TRANSFORMACION DE PLASTICOS, MATRICERIA, INYECCION DE PLASTICO, ACABADOS DECORATIVOS, CROMADO, SERIG'),
('TRANSITARIOS INTERNACIONALES'),
('TRANSITOS INTERNACIONALES'),
('TRANSMISIONES MECANICAS'),
('TRANSMISORES Y RECEPTORES PARA TELECOMUNICACION: FABRICACION'),
('TRANSPORTE DE MERCANCIAS'),
('TRANSPORTE DE MERCANCIAS Y TRANSPORTES ESPECIALES EN CISTERNAS DE ACERO INOXIDABLE E ISOTERMICAS.'),
('TRANSPORTE Y DISTRIBUCION DE ELECTRICIDAD. FABRICA DE TUBOS AISLANTES PARA CONDUCCIONES ELECTRICAS.'),
('TRANSPORTES'),
('TRANSPORTES AEREO DE PASAJEROS Y MERCANCIAS'),
('TRANSPORTES AEREOS: COMPAÑIAS'),
('TRANSPORTES DE CARGA COMPLETA. OPERADOR LOGISTICO.'),
('TRANSPORTES DE MERCANCIAS'),
('TRANSPORTES EN CISTERNAS'),
('TRANSPORTES EN CONTENEDORES'),
('TRANSPORTES EN GENERAL'),
('TRANSPORTES ESPECIALES'),
('TRANSPORTES FRIGORIFICOS'),
('TRANSPORTES INTERNACIONALES'),
('TRANSPORTES MARITIMOS'),
('TRANSPORTES MARITIMOS DE MERCANCIAS'),
('TRANSPORTES MARITIMOS DE MERCANCIAS: COMPAÑIAS'),
('TRANSPORTES POR CARRETERA'),
('TRANSPORTES TURISTICOS POR MAR'),
('TRANSPORTES URBANOS DE VIAJEROS'),
('TRANSPORTES URGENTES'),
('TRANSPORTES: AGENCIAS'),
('TRATAMIENTO DE AGUAS'),
('TRATAMIENTO DE METALES'),
('TRATAMIENTOS DE TEXTOS'),
('TREFILADOS'),
('TRINCAJE'),
('TROFEOS DEPORTIVOS'),
('TROFEOS Y CONDECORACIONES: ESTABLECIMIENTOS'),
('TROFEOS Y CONDECORACIONES: FABRICANTES Y MAYORISTAS'),
('TROFEOS Y GRABADOS'),
('TROQUELADOS: TALLERES'),
('TROQUELERIA'),
('TROQUELES'),
('TROQUELES Y TROQUELADOS'),
('TROQUELES: FABRICACION'),
('TUBERIAS DE ACERO: FABRICANTES'),
('TUBERIAS METALICAS'),
('TUBOS AISLANTES: FABRICACION'),
('TUBOS DE ACERO'),
('TUBOS Y TUBERIAS DE CEMENTO'),
('TUBOS Y TUBERIAS DE PVC'),
('TUBOS Y TUBERIAS METALICOS'),
('TUBOS Y TUBERIAS: ACCESORIOS'),
('TUNING PERSONALIZACION DEL AUTOMOVIL COMPONENTES: DISTRIBUCION'),
('TUPERSEX: TIENDAS EROTICAS A DOMICILIO'),
('TURISMO RURAL'),
('TURISMO: SERVICIOS'),
('TURRONES'),
('UNIVERSIDADES PRIVADAS Y ESCUELAS UNIVERSITARIAS'),
('URGENCIAS MEDICAS: SERVICIOS'),
('VALORACION Y TASACION'),
('VALVULAS'),
('VARIADORES DE VELOCIDAD'),
('VEHICULOS COMPONENTES ELECTRICOS ELECTRONICOS: FABRICACION'),
('VEHICULOS INDUSTRIALES: ALQUILER'),
('VEHICULOS INDUSTRIALES: COMPRA-VENTA'),
('VEHICULOS INDUSTRIALES: RECAMBIOS'),
('VEHICULOS: GESTION DE HOMOLOGACIONES'),
('VENDING'),
('VENDING MAQUINAS EXPENDEDORAS AUTOMATICAS'),
('VENTA AL MAYOR Y MENOR DE ARTICULOS DE FOTOGRAFIA Y VIDEO.'),
('VENTA AL POR MAYOR'),
('VENTA DE MATERIALES DE CONSTRUCCION.'),
('VENTA DE PRODUCTOS INFORMATICOS'),
('VENTA DE VINOS, LICORES Y DELICATESSEN.'),
('VENTA DIRECTA DE LIBROS. ESPECIALIZADOS EN COMIC.'),
('VENTA INSTALACION DE CALEFACCION'),
('VENTA POR CATALOGO A TODA ESPAÑA DE MATERIAL DE OFICINA E INFORMATICA.'),
('VENTA POR INTERNET: TIENDAS'),
('VENTA Y ALQUILER'),
('VENTA Y ALQUILER DE VIDEO-JUEGOS'),
('VENTA Y REPARACION DE BICICLETAS'),
('VENTA Y REPARACION DE VEHICULOS INDUSTRIALES '),
('VENTA, INSTALACION, MANTENIMIENTO DE CHIMENEAS DE INTERIOR Y ACCESORIOS'),
('VENTA, REPARACION Y ALQUILER DE BICICLETAS'),
('VENTANAS'),
('VENTANAS PARA TEJADOS'),
('VENTANAS: FABRICACION E INSTALACION'),
('VENTILACION INDUSTRIAL'),
('VENTILADORES'),
('VESTUARIO DE ESPECTACULOS: CONFECCION'),
('VESTUARIO LABORAL'),
('VETERINARIA: PRODUCTOS'),
('VIAJES: ARTICULOS'),
('VIDEO TELEVISION'),
('VIDEO Y TELEVISION: PRODUCTORAS'),
('VIDEOCLUBS'),
('VIDEOJUEGOS'),
('VIDEOJUEGOS PUBLICITARIOS (ADVERGAMING): PRODUCCION'),
('VIDEOPORTEROS AUTOMATICOS'),
('VIDRIERAS'),
('VIDRIOS'),
('VINOS EMBOTELLADOS'),
('VINOS Y LICORES: ESTABLECIMIENTOS'),
('VINOS: ALMACENES'),
('VINOS: DISTRIBUCION'),
('VIRUTAS Y SERRINES'),
('VITIVINICULTURA: ASESORIAS TECNICAS'),
('VIVEROS AGRICOLAS Y FORESTALES'),
('VIVEROS JARDINERIA'),
('VIVEROS PARA JARDINERIA'),
('VIVEROS Y DEPURADORAS DE MARISCOS'),
('VULCANIZADOS'),
('YESOS: FABRICACION'),
('YESOS: GUARNECIDOS Y ENLUCIDOS'),
('YOGA'),
('ZAPATERIAS'),
('ZOOSANITARIOS PRODUCTOS: DISTRIBUCION'),
('ZOOSANITARIOS PRODUCTOS: FABRICACION'),
('ZUMOS: ESTABLECIMIENTOS');

-- --------------------------------------------------------

--
-- Estructura de tabla para la tabla `familia_profesional_oposicion`
--

CREATE TABLE `familia_profesional_oposicion` (
  `familia_profesional_oposicion` varchar(150) NOT NULL
) ENGINE=InnoDB DEFAULT CHARSET=utf8;

--
-- Volcado de datos para la tabla `familia_profesional_oposicion`
--

INSERT INTO `familia_profesional_oposicion` (`familia_profesional_oposicion`) VALUES
('ADMINISTRACIÓN GENERAL DEL ESTADO'),
('CORPORACIONES LOCALES'),
('DIPUTACIÓN DE BIZKAIA'),
('EDUCACIÓN'),
('GOBIERNO VASCO / IVAP'),
('IFAS'),
('IFBS'),
('JUSTICIA'),
('OSAKIDETZA');

-- --------------------------------------------------------

--
-- Estructura de tabla para la tabla `oposicion`
--

CREATE TABLE `oposicion` (
  `nombre_oposicion` varchar(100) NOT NULL,
  `familia_profesional_oposicion` varchar(150) NOT NULL,
  `duracion` int(11) DEFAULT NULL,
  `coste` float DEFAULT NULL
) ENGINE=InnoDB DEFAULT CHARSET=utf8;

--
-- Volcado de datos para la tabla `oposicion`
--

INSERT INTO `oposicion` (`nombre_oposicion`, `familia_profesional_oposicion`, `duracion`, `coste`) VALUES
('ADMINISTRATIVO - BFA', 'DIPUTACIÓN DE BIZKAIA', 0, 0),
('ADMINISTRATIVO - CL', 'CORPORACIONES LOCALES', 0, 0),
('ADMINISTRATIVO - GV', 'GOBIERNO VASCO / IVAP', 0, 0),
('ADMINISTRATIVO - IFAS', 'IFAS', 0, 0),
('AUXILIAR ADMINISTRATIVO - BFA', 'DIPUTACIÓN DE BIZKAIA', 0, 0),
('AUXILIAR ADMINISTRATIVO - CL', 'CORPORACIONES LOCALES', 0, 0),
('AUXILIAR ADMINISTRATIVO - IFBS', 'IFBS', 0, 0),
('AUXILIAR ADMINISTRATIVO - O', 'OSAKIDETZA', 0, 0),
('AUXILIAR DE ENFERMERÍA', 'OSAKIDETZA', 0, 0),
('AUXILIAR SANITARIO', 'IFAS', 0, 0),
('AUXILIAR SANITARIO', 'IFBS', 0, 0),
('AYUDANTE DE COCINA', 'IFBS', 0, 0),
('CASOS PRÁCTICOS', 'EDUCACIÓN', 10, 175),
('CELADOR', 'OSAKIDETZA', 0, 0),
('FORMACIÓN PROFESIONAL', 'EDUCACIÓN', 36, 475),
('GESTIÓN PROCESAL', 'JUSTICIA', 0, 0),
('INFANTIL', 'EDUCACIÓN', 0, 0),
('MECANOGRAFÍA', 'JUSTICIA', 0, 0),
('OPERARIO DE SERVICIOS', 'OSAKIDETZA', 0, 0),
('ORIENTADOR LABORAL', 'GOBIERNO VASCO / IVAP', 0, 0),
('PEDAGOGÍA TERAPÉUTICA', 'EDUCACIÓN', 0, 0),
('PRIMARIA', 'EDUCACIÓN', 0, 0),
('SECUNDARIA', 'EDUCACIÓN', 36, 475),
('TRAMITACIÓN PROCESAL Y AUXILIO JUDICIAL', 'JUSTICIA', 0, 0);

-- --------------------------------------------------------

--
-- Estructura de tabla para la tabla `oposicion_realizada`
--

CREATE TABLE `oposicion_realizada` (
  `dni` varchar(9) NOT NULL,
  `nombre_oposicion` varchar(100) NOT NULL
) ENGINE=InnoDB DEFAULT CHARSET=utf8;

--
-- Índices para tablas volcadas
--

--
-- Indices de la tabla `alumno`
--
ALTER TABLE `alumno`
  ADD PRIMARY KEY (`dni`);

--
-- Indices de la tabla `alumnos_convocatoria_curso`
--
ALTER TABLE `alumnos_convocatoria_curso`
  ADD PRIMARY KEY (`dni`,`nombre_curso`),
  ADD KEY `nombre_curso` (`nombre_curso`);

--
-- Indices de la tabla `alumnos_convocatoria_oposicion`
--
ALTER TABLE `alumnos_convocatoria_oposicion`
  ADD PRIMARY KEY (`dni`,`nombre_oposicion`),
  ADD KEY `nombre_oposicion` (`nombre_oposicion`);

--
-- Indices de la tabla `convocatoria_curso`
--
ALTER TABLE `convocatoria_curso`
  ADD PRIMARY KEY (`nombre_curso`,`fecha_inicio`);

--
-- Indices de la tabla `convocatoria_oposicion`
--
ALTER TABLE `convocatoria_oposicion`
  ADD PRIMARY KEY (`nombre_oposicion`,`fecha_inicio`);

--
-- Indices de la tabla `curso`
--
ALTER TABLE `curso`
  ADD PRIMARY KEY (`nombre_curso`,`familia_profesional_curso`),
  ADD KEY `curso_familiaProfesionalCurso` (`familia_profesional_curso`);

--
-- Indices de la tabla `curso_realizado`
--
ALTER TABLE `curso_realizado`
  ADD PRIMARY KEY (`dni`,`nombre_curso`),
  ADD KEY `cursosRealizados_curso` (`nombre_curso`);

--
-- Indices de la tabla `empresa`
--
ALTER TABLE `empresa`
  ADD PRIMARY KEY (`nombre`,`familia_profesional_empresa`,`poblacion`,`responsable`,`telefono`,`email`),
  ADD KEY `empresa_familiaProfesionalEmpresa` (`familia_profesional_empresa`);

--
-- Indices de la tabla `familia_profesional_curso`
--
ALTER TABLE `familia_profesional_curso`
  ADD PRIMARY KEY (`familia_profesional_curso`);

--
-- Indices de la tabla `familia_profesional_empresa`
--
ALTER TABLE `familia_profesional_empresa`
  ADD PRIMARY KEY (`familia_profesional_empresa`);

--
-- Indices de la tabla `familia_profesional_oposicion`
--
ALTER TABLE `familia_profesional_oposicion`
  ADD PRIMARY KEY (`familia_profesional_oposicion`);

--
-- Indices de la tabla `oposicion`
--
ALTER TABLE `oposicion`
  ADD PRIMARY KEY (`nombre_oposicion`,`familia_profesional_oposicion`),
  ADD KEY `oposicion_familiaProfesionalOposicion` (`familia_profesional_oposicion`);

--
-- Indices de la tabla `oposicion_realizada`
--
ALTER TABLE `oposicion_realizada`
  ADD PRIMARY KEY (`dni`,`nombre_oposicion`),
  ADD KEY `oposicionesRealizadas_oposicion` (`nombre_oposicion`);

--
-- Restricciones para tablas volcadas
--

--
-- Filtros para la tabla `alumnos_convocatoria_curso`
--
ALTER TABLE `alumnos_convocatoria_curso`
  ADD CONSTRAINT `dni` FOREIGN KEY (`dni`) REFERENCES `alumno` (`dni`) ON DELETE CASCADE ON UPDATE CASCADE,
  ADD CONSTRAINT `nombre_curso` FOREIGN KEY (`nombre_curso`) REFERENCES `convocatoria_curso` (`nombre_curso`) ON DELETE CASCADE ON UPDATE CASCADE;

--
-- Filtros para la tabla `alumnos_convocatoria_oposicion`
--
ALTER TABLE `alumnos_convocatoria_oposicion`
  ADD CONSTRAINT `dni_alumno` FOREIGN KEY (`dni`) REFERENCES `alumno` (`dni`) ON DELETE CASCADE ON UPDATE CASCADE,
  ADD CONSTRAINT `nombre_oposicion` FOREIGN KEY (`nombre_oposicion`) REFERENCES `convocatoria_oposicion` (`nombre_oposicion`) ON DELETE CASCADE ON UPDATE CASCADE;

--
-- Filtros para la tabla `convocatoria_curso`
--
ALTER TABLE `convocatoria_curso`
  ADD CONSTRAINT `convocatoriaCurso_curso` FOREIGN KEY (`nombre_curso`) REFERENCES `curso` (`nombre_curso`) ON DELETE CASCADE ON UPDATE CASCADE;

--
-- Filtros para la tabla `convocatoria_oposicion`
--
ALTER TABLE `convocatoria_oposicion`
  ADD CONSTRAINT `convocatoriaOposicion_oposicion` FOREIGN KEY (`nombre_oposicion`) REFERENCES `oposicion` (`nombre_oposicion`) ON DELETE CASCADE ON UPDATE CASCADE;

--
-- Filtros para la tabla `curso`
--
ALTER TABLE `curso`
  ADD CONSTRAINT `curso_familiaProfesionalCurso` FOREIGN KEY (`familia_profesional_curso`) REFERENCES `familia_profesional_curso` (`familia_profesional_curso`) ON DELETE CASCADE ON UPDATE CASCADE;

--
-- Filtros para la tabla `curso_realizado`
--
ALTER TABLE `curso_realizado`
  ADD CONSTRAINT `cursosRealizados_alumno` FOREIGN KEY (`dni`) REFERENCES `alumno` (`dni`) ON DELETE CASCADE ON UPDATE CASCADE,
  ADD CONSTRAINT `cursosRealizados_curso` FOREIGN KEY (`nombre_curso`) REFERENCES `curso` (`nombre_curso`) ON DELETE CASCADE ON UPDATE CASCADE;

--
-- Filtros para la tabla `empresa`
--
ALTER TABLE `empresa`
  ADD CONSTRAINT `empresa_familiaProfesionalEmpresa` FOREIGN KEY (`familia_profesional_empresa`) REFERENCES `familia_profesional_empresa` (`familia_profesional_empresa`) ON DELETE CASCADE ON UPDATE CASCADE;

--
-- Filtros para la tabla `oposicion`
--
ALTER TABLE `oposicion`
  ADD CONSTRAINT `oposicion_familiaProfesionalOposicion` FOREIGN KEY (`familia_profesional_oposicion`) REFERENCES `familia_profesional_oposicion` (`familia_profesional_oposicion`) ON DELETE CASCADE ON UPDATE CASCADE;

--
-- Filtros para la tabla `oposicion_realizada`
--
ALTER TABLE `oposicion_realizada`
  ADD CONSTRAINT `oposicionesRealizadas_alumno` FOREIGN KEY (`dni`) REFERENCES `alumno` (`dni`) ON DELETE CASCADE ON UPDATE CASCADE,
  ADD CONSTRAINT `oposicionesRealizadas_oposicion` FOREIGN KEY (`nombre_oposicion`) REFERENCES `oposicion` (`nombre_oposicion`) ON DELETE CASCADE ON UPDATE CASCADE;
COMMIT;

/*!40101 SET CHARACTER_SET_CLIENT=@OLD_CHARACTER_SET_CLIENT */;
/*!40101 SET CHARACTER_SET_RESULTS=@OLD_CHARACTER_SET_RESULTS */;
/*!40101 SET COLLATION_CONNECTION=@OLD_COLLATION_CONNECTION */;
